省,省代码,市,市代码,区(县),区(县)代码
北京市,11,市辖区,01,东城区,01
北京市,11,市辖区,01,西城区,02
北京市,11,市辖区,01,崇文区,03
北京市,11,市辖区,01,宣武区,04
北京市,11,市辖区,01,朝阳区,05
北京市,11,市辖区,01,丰台区,06
北京市,11,市辖区,01,石景山区,07
北京市,11,市辖区,01,海淀区,08
北京市,11,市辖区,01,门头沟区,09
北京市,11,市辖区,01,房山区,10
北京市,11,市辖区,01,通州区,11
北京市,11,市辖区,01,顺义区,12
北京市,11,市辖区,01,昌平区,13
北京市,11,市辖区,01,大兴区,14
北京市,11,市辖区,01,怀柔区,15
北京市,11,市辖区,01,平谷区,16
北京市,11,市辖区,01,京城,17
北京市,11,市辖区,01,燕山区,18
北京市,11,县,02,昌平县,21
北京市,11,县,02,顺义县,22
北京市,11,县,02,通县,23
北京市,11,县,02,大兴县,24
北京市,11,县,02,平谷县,26
北京市,11,县,02,怀柔县,27
北京市,11,县,02,密云县,28
北京市,11,县,02,延庆县,29
天津市,12,市辖区,01,和平区,01
天津市,12,市辖区,01,河东区,02
天津市,12,市辖区,01,河西区,03
天津市,12,市辖区,01,南开区,04
天津市,12,市辖区,01,河北区,05
天津市,12,市辖区,01,红桥区,06
天津市,12,市辖区,01,塘沽区,07
天津市,12,市辖区,01,汉沽区,08
天津市,12,市辖区,01,大港区,09
天津市,12,市辖区,01,东丽区,10
天津市,12,市辖区,01,西青区,11
天津市,12,市辖区,01,津南区,12
天津市,12,市辖区,01,北辰区,13
天津市,12,市辖区,01,武清区,14
天津市,12,市辖区,01,宝坻区,15
天津市,12,县,02,宁河县,21
天津市,12,县,02,静海县,23
天津市,12,县,02,蓟县,25
河北省,13,石家庄市,01,市辖区,01
河北省,13,石家庄市,01,长安区,02
河北省,13,石家庄市,01,桥东区,03
河北省,13,石家庄市,01,桥西区,04
河北省,13,石家庄市,01,新华区,05
河北省,13,石家庄市,01,井陉矿区,07
河北省,13,石家庄市,01,裕华区,08
河北省,13,石家庄市,01,井陉县,21
河北省,13,石家庄市,01,正定县,23
河北省,13,石家庄市,01,栾城县,24
河北省,13,石家庄市,01,行唐县,25
河北省,13,石家庄市,01,灵寿县,26
河北省,13,石家庄市,01,高邑县,27
河北省,13,石家庄市,01,深泽县,28
河北省,13,石家庄市,01,赞皇县,29
河北省,13,石家庄市,01,无极县,30
河北省,13,石家庄市,01,平山县,31
河北省,13,石家庄市,01,元氏县,32
河北省,13,石家庄市,01,赵县,33
河北省,13,石家庄市,01,辛集市,81
河北省,13,石家庄市,01,藁城市,82
河北省,13,石家庄市,01,晋州市,83
河北省,13,石家庄市,01,新乐市,84
河北省,13,石家庄市,01,鹿泉市,85
河北省,13,唐山市,02,市辖区,01
河北省,13,唐山市,02,路南区,02
河北省,13,唐山市,02,路北区,03
河北省,13,唐山市,02,古冶区,04
河北省,13,唐山市,02,开平区,05
河北省,13,唐山市,02,丰南区,07
河北省,13,唐山市,02,丰润区,08
河北省,13,唐山市,02,滦县,23
河北省,13,唐山市,02,滦南县,24
河北省,13,唐山市,02,乐亭县,25
河北省,13,唐山市,02,迁西县,27
河北省,13,唐山市,02,玉田县,29
河北省,13,唐山市,02,唐海县,30
河北省,13,唐山市,02,遵化市,81
河北省,13,唐山市,02,迁安市,83
河北省,13,秦皇岛市,03,市辖区,01
河北省,13,秦皇岛市,03,海港区,02
河北省,13,秦皇岛市,03,山海关区,03
河北省,13,秦皇岛市,03,北戴河区,04
河北省,13,秦皇岛市,03,青龙满族自治县,21
河北省,13,秦皇岛市,03,昌黎县,22
河北省,13,秦皇岛市,03,抚宁县,23
河北省,13,秦皇岛市,03,卢龙县,24
河北省,13,邯郸市,04,市辖区,01
河北省,13,邯郸市,04,邯山区,02
河北省,13,邯郸市,04,丛台区,03
河北省,13,邯郸市,04,复兴区,04
河北省,13,邯郸市,04,峰峰矿区,06
河北省,13,邯郸市,04,邯郸县,21
河北省,13,邯郸市,04,临漳县,23
河北省,13,邯郸市,04,成安县,24
河北省,13,邯郸市,04,大名县,25
河北省,13,邯郸市,04,涉县,26
河北省,13,邯郸市,04,磁县,27
河北省,13,邯郸市,04,肥乡县,28
河北省,13,邯郸市,04,永年县,29
河北省,13,邯郸市,04,邱县,30
河北省,13,邯郸市,04,鸡泽县,31
河北省,13,邯郸市,04,广平县,32
河北省,13,邯郸市,04,馆陶县,33
河北省,13,邯郸市,04,魏县,34
河北省,13,邯郸市,04,曲周县,35
河北省,13,邯郸市,04,武安市,81
河北省,13,邢台市,05,市辖区,01
河北省,13,邢台市,05,桥东区,02
河北省,13,邢台市,05,桥西区,03
河北省,13,邢台市,05,邢台县,21
河北省,13,邢台市,05,临城县,22
河北省,13,邢台市,05,内丘县,23
河北省,13,邢台市,05,柏乡县,24
河北省,13,邢台市,05,隆尧县,25
河北省,13,邢台市,05,任县,26
河北省,13,邢台市,05,南和县,27
河北省,13,邢台市,05,宁晋县,28
河北省,13,邢台市,05,巨鹿县,29
河北省,13,邢台市,05,新河县,30
河北省,13,邢台市,05,广宗县,31
河北省,13,邢台市,05,平乡县,32
河北省,13,邢台市,05,威县,33
河北省,13,邢台市,05,清河县,34
河北省,13,邢台市,05,临西县,35
河北省,13,邢台市,05,南宫市,81
河北省,13,邢台市,05,沙河市,82
河北省,13,保定市,06,市辖区,01
河北省,13,保定市,06,新市区,02
河北省,13,保定市,06,北市区,03
河北省,13,保定市,06,南市区,04
河北省,13,保定市,06,满城县,21
河北省,13,保定市,06,清苑县,22
河北省,13,保定市,06,涞水县,23
河北省,13,保定市,06,阜平县,24
河北省,13,保定市,06,徐水县,25
河北省,13,保定市,06,定兴县,26
河北省,13,保定市,06,唐县,27
河北省,13,保定市,06,高阳县,28
河北省,13,保定市,06,容城县,29
河北省,13,保定市,06,涞源县,30
河北省,13,保定市,06,望都县,31
河北省,13,保定市,06,安新县,32
河北省,13,保定市,06,易县,33
河北省,13,保定市,06,曲阳县,34
河北省,13,保定市,06,蠡县,35
河北省,13,保定市,06,顺平县,36
河北省,13,保定市,06,博野县,37
河北省,13,保定市,06,雄县,38
河北省,13,保定市,06,涿州市,81
河北省,13,保定市,06,定州市,82
河北省,13,保定市,06,安国市,83
河北省,13,保定市,06,高碑店市,84
河北省,13,张家口市,07,市辖区,01
河北省,13,张家口市,07,桥东区,02
河北省,13,张家口市,07,桥西区,03
河北省,13,张家口市,07,宣化区,05
河北省,13,张家口市,07,下花园区,06
河北省,13,张家口市,07,宣化县,21
河北省,13,张家口市,07,张北县,22
河北省,13,张家口市,07,康保县,23
河北省,13,张家口市,07,沽源县,24
河北省,13,张家口市,07,尚义县,25
河北省,13,张家口市,07,蔚县,26
河北省,13,张家口市,07,阳原县,27
河北省,13,张家口市,07,怀安县,28
河北省,13,张家口市,07,万全县,29
河北省,13,张家口市,07,怀来县,30
河北省,13,张家口市,07,涿鹿县,31
河北省,13,张家口市,07,赤城县,32
河北省,13,张家口市,07,崇礼县,33
河北省,13,承德市,08,市辖区,01
河北省,13,承德市,08,双桥区,02
河北省,13,承德市,08,双滦区,03
河北省,13,承德市,08,鹰手营子矿区,04
河北省,13,承德市,08,承德县,21
河北省,13,承德市,08,兴隆县,22
河北省,13,承德市,08,平泉县,23
河北省,13,承德市,08,滦平县,24
河北省,13,承德市,08,隆化县,25
河北省,13,承德市,08,丰宁满族自治县,26
河北省,13,承德市,08,宽城满族自治县,27
河北省,13,承德市,08,围场满族蒙古族自治县,28
河北省,13,沧州市,09,市辖区,01
河北省,13,沧州市,09,新华区,02
河北省,13,沧州市,09,运河区,03
河北省,13,沧州市,09,沧县,21
河北省,13,沧州市,09,青县,22
河北省,13,沧州市,09,东光县,23
河北省,13,沧州市,09,海兴县,24
河北省,13,沧州市,09,盐山县,25
河北省,13,沧州市,09,肃宁县,26
河北省,13,沧州市,09,南皮县,27
河北省,13,沧州市,09,吴桥县,28
河北省,13,沧州市,09,献县,29
河北省,13,沧州市,09,孟村回族自治县,30
河北省,13,沧州市,09,泊头市,81
河北省,13,沧州市,09,任丘市,82
河北省,13,沧州市,09,黄骅市,83
河北省,13,沧州市,09,河间市,84
河北省,13,廊坊市,10,市辖区,01
河北省,13,廊坊市,10,安次区,02
河北省,13,廊坊市,10,广阳区,03
河北省,13,廊坊市,10,固安县,22
河北省,13,廊坊市,10,永清县,23
河北省,13,廊坊市,10,香河县,24
河北省,13,廊坊市,10,大城县,25
河北省,13,廊坊市,10,文安县,26
河北省,13,廊坊市,10,大厂回族自治县,28
河北省,13,廊坊市,10,霸州市,81
河北省,13,廊坊市,10,三河市,82
河北省,13,衡水市,11,市辖区,01
河北省,13,衡水市,11,桃城区,02
河北省,13,衡水市,11,枣强县,21
河北省,13,衡水市,11,武邑县,22
河北省,13,衡水市,11,武强县,23
河北省,13,衡水市,11,饶阳县,24
河北省,13,衡水市,11,安平县,25
河北省,13,衡水市,11,故城县,26
河北省,13,衡水市,11,景县,27
河北省,13,衡水市,11,阜城县,28
河北省,13,衡水市,11,冀州市,81
河北省,13,衡水市,11,深州市,82
山西省,14,太原市,01,市辖区,01
山西省,14,太原市,01,小店区,05
山西省,14,太原市,01,迎泽区,06
山西省,14,太原市,01,杏花岭区,07
山西省,14,太原市,01,尖草坪区,08
山西省,14,太原市,01,万柏林区,09
山西省,14,太原市,01,晋源区,10
山西省,14,太原市,01,清徐县,21
山西省,14,太原市,01,阳曲县,22
山西省,14,太原市,01,娄烦县,23
山西省,14,太原市,01,古交市,81
山西省,14,大同市,02,市辖区,01
山西省,14,大同市,02,城区,02
山西省,14,大同市,02,矿区,03
山西省,14,大同市,02,南郊区,11
山西省,14,大同市,02,新荣区,12
山西省,14,大同市,02,阳高县,21
山西省,14,大同市,02,天镇县,22
山西省,14,大同市,02,广灵县,23
山西省,14,大同市,02,灵丘县,24
山西省,14,大同市,02,浑源县,25
山西省,14,大同市,02,左云县,26
山西省,14,大同市,02,大同县,27
山西省,14,阳泉市,03,市辖区,01
山西省,14,阳泉市,03,城区,02
山西省,14,阳泉市,03,矿区,03
山西省,14,阳泉市,03,郊区,11
山西省,14,阳泉市,03,平定县,21
山西省,14,阳泉市,03,盂县,22
山西省,14,长治市,04,市辖区,01
山西省,14,长治市,04,城区,02
山西省,14,长治市,04,郊区,11
山西省,14,长治市,04,长治县,21
山西省,14,长治市,04,襄垣县,23
山西省,14,长治市,04,屯留县,24
山西省,14,长治市,04,平顺县,25
山西省,14,长治市,04,黎城县,26
山西省,14,长治市,04,壶关县,27
山西省,14,长治市,04,长子县,28
山西省,14,长治市,04,武乡县,29
山西省,14,长治市,04,沁县,30
山西省,14,长治市,04,沁源县,31
山西省,14,长治市,04,潞城市,81
山西省,14,晋城市,05,市辖区,01
山西省,14,晋城市,05,城区,02
山西省,14,晋城市,05,沁水县,21
山西省,14,晋城市,05,阳城县,22
山西省,14,晋城市,05,陵川县,24
山西省,14,晋城市,05,泽州县,25
山西省,14,晋城市,05,高平市,81
山西省,14,朔州市,06,市辖区,01
山西省,14,朔州市,06,朔城区,02
山西省,14,朔州市,06,平鲁区,03
山西省,14,朔州市,06,山阴县,21
山西省,14,朔州市,06,应县,22
山西省,14,朔州市,06,右玉县,23
山西省,14,朔州市,06,怀仁县,24
山西省,14,晋中市,07,市辖区,01
山西省,14,晋中市,07,榆次区,02
山西省,14,晋中市,07,榆社县,21
山西省,14,晋中市,07,左权县,22
山西省,14,晋中市,07,和顺县,23
山西省,14,晋中市,07,昔阳县,24
山西省,14,晋中市,07,寿阳县,25
山西省,14,晋中市,07,太谷县,26
山西省,14,晋中市,07,祁县,27
山西省,14,晋中市,07,平遥县,28
山西省,14,晋中市,07,灵石县,29
山西省,14,晋中市,07,介休市,81
山西省,14,运城市,08,市辖区,01
山西省,14,运城市,08,盐湖区,02
山西省,14,运城市,08,临猗县,21
山西省,14,运城市,08,万荣县,22
山西省,14,运城市,08,闻喜县,23
山西省,14,运城市,08,稷山县,24
山西省,14,运城市,08,新绛县,25
山西省,14,运城市,08,绛县,26
山西省,14,运城市,08,垣曲县,27
山西省,14,运城市,08,夏县,28
山西省,14,运城市,08,平陆县,29
山西省,14,运城市,08,芮城县,30
山西省,14,运城市,08,永济市,81
山西省,14,运城市,08,河津市,82
山西省,14,忻州市,09,市辖区,01
山西省,14,忻州市,09,忻府区,02
山西省,14,忻州市,09,定襄县,21
山西省,14,忻州市,09,五台县,22
山西省,14,忻州市,09,代县,23
山西省,14,忻州市,09,繁峙县,24
山西省,14,忻州市,09,宁武县,25
山西省,14,忻州市,09,静乐县,26
山西省,14,忻州市,09,神池县,27
山西省,14,忻州市,09,五寨县,28
山西省,14,忻州市,09,岢岚县,29
山西省,14,忻州市,09,河曲县,30
山西省,14,忻州市,09,保德县,31
山西省,14,忻州市,09,偏关县,32
山西省,14,忻州市,09,原平市,81
山西省,14,临汾市,10,市辖区,01
山西省,14,临汾市,10,尧都区,02
山西省,14,临汾市,10,曲沃县,21
山西省,14,临汾市,10,翼城县,22
山西省,14,临汾市,10,襄汾县,23
山西省,14,临汾市,10,洪洞县,24
山西省,14,临汾市,10,古县,25
山西省,14,临汾市,10,安泽县,26
山西省,14,临汾市,10,浮山县,27
山西省,14,临汾市,10,吉县,28
山西省,14,临汾市,10,乡宁县,29
山西省,14,临汾市,10,大宁县,30
山西省,14,临汾市,10,隰县,31
山西省,14,临汾市,10,永和县,32
山西省,14,临汾市,10,蒲县,33
山西省,14,临汾市,10,汾西县,34
山西省,14,临汾市,10,侯马市,81
山西省,14,临汾市,10,霍州市,82
山西省,14,吕梁市,23,市辖区,01
山西省,14,吕梁市,23,离石区,02
山西省,14,吕梁市,23,文水县,21
山西省,14,吕梁市,23,交城县,22
山西省,14,吕梁市,23,兴县,23
山西省,14,吕梁市,23,临县,24
山西省,14,吕梁市,23,柳林县,25
山西省,14,吕梁市,23,石楼县,26
山西省,14,吕梁市,23,岚县,27
山西省,14,吕梁市,23,方山县,28
山西省,14,吕梁市,23,中阳县,29
山西省,14,吕梁市,23,交口县,30
山西省,14,吕梁市,23,孝义市,81
山西省,14,吕梁市,23,汾阳市,82
内蒙古自治区,15,呼和浩特市,01,市辖区,01
内蒙古自治区,15,呼和浩特市,01,新城区,02
内蒙古自治区,15,呼和浩特市,01,回民区,03
内蒙古自治区,15,呼和浩特市,01,玉泉区,04
内蒙古自治区,15,呼和浩特市,01,赛罕区,05
内蒙古自治区,15,呼和浩特市,01,土默特左旗,21
内蒙古自治区,15,呼和浩特市,01,托克托县,22
内蒙古自治区,15,呼和浩特市,01,和林格尔县,23
内蒙古自治区,15,呼和浩特市,01,清水河县,24
内蒙古自治区,15,呼和浩特市,01,武川县,25
内蒙古自治区,15,包头市,02,市辖区,01
内蒙古自治区,15,包头市,02,东河区,02
内蒙古自治区,15,包头市,02,昆都仑区,03
内蒙古自治区,15,包头市,02,青山区,04
内蒙古自治区,15,包头市,02,石拐区,05
内蒙古自治区,15,包头市,02,白云矿区,06
内蒙古自治区,15,包头市,02,九原区,07
内蒙古自治区,15,包头市,02,土默特右旗,21
内蒙古自治区,15,包头市,02,固阳县,22
内蒙古自治区,15,包头市,02,达尔罕茂明安联合旗,23
内蒙古自治区,15,乌海市,03,市辖区,01
内蒙古自治区,15,乌海市,03,海勃湾区,02
内蒙古自治区,15,乌海市,03,海南区,03
内蒙古自治区,15,乌海市,03,乌达区,04
内蒙古自治区,15,赤峰市,04,市辖区,01
内蒙古自治区,15,赤峰市,04,红山区,02
内蒙古自治区,15,赤峰市,04,元宝山区,03
内蒙古自治区,15,赤峰市,04,松山区,04
内蒙古自治区,15,赤峰市,04,阿鲁科尔沁旗,21
内蒙古自治区,15,赤峰市,04,巴林左旗,22
内蒙古自治区,15,赤峰市,04,巴林右旗,23
内蒙古自治区,15,赤峰市,04,林西县,24
内蒙古自治区,15,赤峰市,04,克什克腾旗,25
内蒙古自治区,15,赤峰市,04,翁牛特旗,26
内蒙古自治区,15,赤峰市,04,喀喇沁旗,28
内蒙古自治区,15,赤峰市,04,宁城县,29
内蒙古自治区,15,赤峰市,04,敖汉旗,30
内蒙古自治区,15,通辽市,05,市辖区,01
内蒙古自治区,15,通辽市,05,科尔沁区,02
内蒙古自治区,15,通辽市,05,科尔沁左翼中旗,21
内蒙古自治区,15,通辽市,05,科尔沁左翼后旗,22
内蒙古自治区,15,通辽市,05,开鲁县,23
内蒙古自治区,15,通辽市,05,库伦旗,24
内蒙古自治区,15,通辽市,05,奈曼旗,25
内蒙古自治区,15,通辽市,05,扎鲁特旗,26
内蒙古自治区,15,通辽市,05,霍林郭勒市,81
内蒙古自治区,15,鄂尔多斯市,06,东胜区,02
内蒙古自治区,15,鄂尔多斯市,06,达拉特旗,21
内蒙古自治区,15,鄂尔多斯市,06,准格尔旗,22
内蒙古自治区,15,鄂尔多斯市,06,鄂托克前旗,23
内蒙古自治区,15,鄂尔多斯市,06,鄂托克旗,24
内蒙古自治区,15,鄂尔多斯市,06,杭锦旗,25
内蒙古自治区,15,鄂尔多斯市,06,乌审旗,26
内蒙古自治区,15,鄂尔多斯市,06,伊金霍洛旗,27
内蒙古自治区,15,呼伦贝尔市,07,市辖区,01
内蒙古自治区,15,呼伦贝尔市,07,海拉尔区,02
内蒙古自治区,15,呼伦贝尔市,07,阿荣旗,21
内蒙古自治区,15,呼伦贝尔市,07,莫力达瓦达斡尔族自治,22
内蒙古自治区,15,呼伦贝尔市,07,鄂伦春自治旗,23
内蒙古自治区,15,呼伦贝尔市,07,鄂温克族自治旗,24
内蒙古自治区,15,呼伦贝尔市,07,陈巴尔虎旗,25
内蒙古自治区,15,呼伦贝尔市,07,新巴尔虎左旗,26
内蒙古自治区,15,呼伦贝尔市,07,新巴尔虎右旗,27
内蒙古自治区,15,呼伦贝尔市,07,满洲里市,81
内蒙古自治区,15,呼伦贝尔市,07,牙克石市,82
内蒙古自治区,15,呼伦贝尔市,07,扎兰屯市,83
内蒙古自治区,15,呼伦贝尔市,07,额尔古纳市,84
内蒙古自治区,15,呼伦贝尔市,07,根河市,85
内蒙古自治区,15,巴彦淖尔市,08,市辖区,01
内蒙古自治区,15,巴彦淖尔市,08,临河区,2
内蒙古自治区,15,巴彦淖尔市,08,五原县,21
内蒙古自治区,15,巴彦淖尔市,08,磴口县,22
内蒙古自治区,15,巴彦淖尔市,08,乌拉特前旗,23
内蒙古自治区,15,巴彦淖尔市,08,乌拉特中旗,24
内蒙古自治区,15,巴彦淖尔市,08,乌拉特后旗,25
内蒙古自治区,15,巴彦淖尔市,08,杭锦后旗,26
内蒙古自治区,15,乌兰察布市,09,市辖区,1
内蒙古自治区,15,乌兰察布市,09,集宁区,2
内蒙古自治区,15,乌兰察布市,09,卓资县,21
内蒙古自治区,15,乌兰察布市,09,化德县,22
内蒙古自治区,15,乌兰察布市,09,商都县,23
内蒙古自治区,15,乌兰察布市,09,兴和县,24
内蒙古自治区,15,乌兰察布市,09,凉城县,25
内蒙古自治区,15,乌兰察布市,09,察哈尔右翼前旗,26
内蒙古自治区,15,乌兰察布市,09,察哈尔右翼中旗,27
内蒙古自治区,15,乌兰察布市,09,察哈尔右翼后旗,28
内蒙古自治区,15,乌兰察布市,09,四子王旗,29
内蒙古自治区,15,乌兰察布市,09,丰镇市,81
内蒙古自治区,15,兴安盟,22,乌兰浩特市,01
内蒙古自治区,15,兴安盟,22,阿尔山市,02
内蒙古自治区,15,兴安盟,22,科尔沁右翼前旗,21
内蒙古自治区,15,兴安盟,22,科尔沁右翼中旗,22
内蒙古自治区,15,兴安盟,22,扎赉特旗,23
内蒙古自治区,15,兴安盟,22,突泉县,24
内蒙古自治区,15,兴安盟,25,二连浩特市,01
内蒙古自治区,15,兴安盟,25,锡林浩特市,02
内蒙古自治区,15,兴安盟,25,阿巴嘎旗,22
内蒙古自治区,15,兴安盟,25,苏尼特左旗,23
内蒙古自治区,15,兴安盟,25,苏尼特右旗,24
内蒙古自治区,15,兴安盟,25,东乌珠穆沁旗,25
内蒙古自治区,15,兴安盟,25,西乌珠穆沁旗,26
内蒙古自治区,15,兴安盟,25,太仆寺旗,27
内蒙古自治区,15,兴安盟,25,镶黄旗,28
内蒙古自治区,15,兴安盟,25,正镶白旗,29
内蒙古自治区,15,兴安盟,25,正蓝旗,30
内蒙古自治区,15,兴安盟,25,多伦县,31
内蒙古自治区,15,阿拉善盟,29,阿拉善左旗,21
内蒙古自治区,15,阿拉善盟,29,阿拉善右旗,22
内蒙古自治区,15,阿拉善盟,29,额济纳旗,23
辽宁省,21,沈阳市,01,市辖区,01
辽宁省,21,沈阳市,01,和平区,02
辽宁省,21,沈阳市,01,沈河区,03
辽宁省,21,沈阳市,01,大东区,04
辽宁省,21,沈阳市,01,皇姑区,05
辽宁省,21,沈阳市,01,铁西区,06
辽宁省,21,沈阳市,01,苏家屯区,11
辽宁省,21,沈阳市,01,东陵区,12
辽宁省,21,沈阳市,01,新城子区,13
辽宁省,21,沈阳市,01,于洪区,14
辽宁省,21,沈阳市,01,辽中县,22
辽宁省,21,沈阳市,01,康平县,23
辽宁省,21,沈阳市,01,法库县,24
辽宁省,21,沈阳市,01,新民市,81
辽宁省,21,大连市,02,市辖区,01
辽宁省,21,大连市,02,中山区,02
辽宁省,21,大连市,02,西岗区,03
辽宁省,21,大连市,02,沙河口区,04
辽宁省,21,大连市,02,甘井子区,11
辽宁省,21,大连市,02,旅顺口区,12
辽宁省,21,大连市,02,金州区,13
辽宁省,21,大连市,02,长海县,24
辽宁省,21,大连市,02,瓦房店市,81
辽宁省,21,大连市,02,普兰店市,82
辽宁省,21,大连市,02,庄河市,83
辽宁省,21,鞍山市,03,市辖区,01
辽宁省,21,鞍山市,03,铁东区,02
辽宁省,21,鞍山市,03,铁西区,03
辽宁省,21,鞍山市,03,立山区,04
辽宁省,21,鞍山市,03,千山区,11
辽宁省,21,鞍山市,03,台安县,21
辽宁省,21,鞍山市,03,岫岩满族自治县,23
辽宁省,21,鞍山市,03,海城市,81
辽宁省,21,抚顺市,04,市辖区,01
辽宁省,21,抚顺市,04,新抚区,02
辽宁省,21,抚顺市,04,东洲区,03
辽宁省,21,抚顺市,04,望花区,04
辽宁省,21,抚顺市,04,顺城区,11
辽宁省,21,抚顺市,04,抚顺县,21
辽宁省,21,抚顺市,04,新宾满族自治县,22
辽宁省,21,抚顺市,04,清原满族自治县,23
辽宁省,21,本溪市,05,市辖区,01
辽宁省,21,本溪市,05,平山区,02
辽宁省,21,本溪市,05,溪湖区,03
辽宁省,21,本溪市,05,明山区,04
辽宁省,21,本溪市,05,南芬区,05
辽宁省,21,本溪市,05,本溪满族自治县,21
辽宁省,21,本溪市,05,桓仁满族自治县,22
辽宁省,21,丹东市,06,市辖区,01
辽宁省,21,丹东市,06,元宝区,02
辽宁省,21,丹东市,06,振兴区,03
辽宁省,21,丹东市,06,振安区,04
辽宁省,21,丹东市,06,宽甸满族自治县,24
辽宁省,21,丹东市,06,东港市,81
辽宁省,21,丹东市,06,凤城市,82
辽宁省,21,锦州市,07,市辖区,01
辽宁省,21,锦州市,07,古塔区,02
辽宁省,21,锦州市,07,凌河区,03
辽宁省,21,锦州市,07,太和区,11
辽宁省,21,锦州市,07,黑山县,26
辽宁省,21,锦州市,07,义县,27
辽宁省,21,锦州市,07,凌海市,81
辽宁省,21,锦州市,07,北镇市,82
辽宁省,21,营口市,08,市辖区,01
辽宁省,21,营口市,08,站前区,02
辽宁省,21,营口市,08,西市区,03
辽宁省,21,营口市,08,鲅鱼圈区,04
辽宁省,21,营口市,08,老边区,11
辽宁省,21,营口市,08,盖州市,81
辽宁省,21,营口市,08,大石桥市,82
辽宁省,21,阜新市,09,市辖区,01
辽宁省,21,阜新市,09,海州区,02
辽宁省,21,阜新市,09,新邱区,03
辽宁省,21,阜新市,09,太平区,04
辽宁省,21,阜新市,09,清河门区,05
辽宁省,21,阜新市,09,细河区,11
辽宁省,21,阜新市,09,阜新蒙古族自治县,21
辽宁省,21,阜新市,09,彰武县,22
辽宁省,21,辽阳市,10,市辖区,01
辽宁省,21,辽阳市,10,白塔区,02
辽宁省,21,辽阳市,10,文圣区,03
辽宁省,21,辽阳市,10,宏伟区,04
辽宁省,21,辽阳市,10,弓长岭区,05
辽宁省,21,辽阳市,10,太子河区,11
辽宁省,21,辽阳市,10,辽阳县,21
辽宁省,21,辽阳市,10,灯塔市,81
辽宁省,21,盘锦市,11,市辖区,01
辽宁省,21,盘锦市,11,双台子区,02
辽宁省,21,盘锦市,11,兴隆台区,03
辽宁省,21,盘锦市,11,大洼县,21
辽宁省,21,盘锦市,11,盘山县,22
辽宁省,21,铁岭市,12,市辖区,01
辽宁省,21,铁岭市,12,银州区,02
辽宁省,21,铁岭市,12,清河区,04
辽宁省,21,铁岭市,12,铁岭县,21
辽宁省,21,铁岭市,12,西丰县,23
辽宁省,21,铁岭市,12,昌图县,24
辽宁省,21,铁岭市,12,调兵山市,81
辽宁省,21,铁岭市,12,开原市,82
辽宁省,21,朝阳市,13,市辖区,01
辽宁省,21,朝阳市,13,双塔区,02
辽宁省,21,朝阳市,13,龙城区,03
辽宁省,21,朝阳市,13,朝阳县,21
辽宁省,21,朝阳市,13,建平县,22
辽宁省,21,朝阳市,13,喀喇沁左翼蒙古族自治,24
辽宁省,21,朝阳市,13,北票市,81
辽宁省,21,朝阳市,13,凌源市,82
辽宁省,21,葫芦岛市,14,市辖区,01
辽宁省,21,葫芦岛市,14,连山区,02
辽宁省,21,葫芦岛市,14,龙港区,03
辽宁省,21,葫芦岛市,14,南票区,04
辽宁省,21,葫芦岛市,14,绥中县,21
辽宁省,21,葫芦岛市,14,建昌县,22
辽宁省,21,葫芦岛市,14,兴城市,81
吉林省,22,长春市,01,市辖区,01
吉林省,22,长春市,01,南关区,02
吉林省,22,长春市,01,宽城区,03
吉林省,22,长春市,01,朝阳区,04
吉林省,22,长春市,01,二道区,05
吉林省,22,长春市,01,绿园区,06
吉林省,22,长春市,01,双阳区,12
吉林省,22,长春市,01,农安县,22
吉林省,22,长春市,01,九台市,81
吉林省,22,长春市,01,榆树市,82
吉林省,22,长春市,01,德惠市,83
吉林省,22,吉林市,02,市辖区,01
吉林省,22,吉林市,02,昌邑区,02
吉林省,22,吉林市,02,龙潭区,03
吉林省,22,吉林市,02,船营区,04
吉林省,22,吉林市,02,丰满区,11
吉林省,22,吉林市,02,永吉县,21
吉林省,22,吉林市,02,蛟河市,81
吉林省,22,吉林市,02,桦甸市,82
吉林省,22,吉林市,02,舒兰市,83
吉林省,22,吉林市,02,磐石市,84
吉林省,22,四平市,03,市辖区,01
吉林省,22,四平市,03,铁西区,02
吉林省,22,四平市,03,铁东区,03
吉林省,22,四平市,03,梨树县,22
吉林省,22,四平市,03,伊通满族自治县,23
吉林省,22,四平市,03,公主岭市,81
吉林省,22,四平市,03,双辽市,82
吉林省,22,辽源市,04,市辖区,01
吉林省,22,辽源市,04,龙山区,02
吉林省,22,辽源市,04,西安区,03
吉林省,22,辽源市,04,东丰县,21
吉林省,22,辽源市,04,东辽县,22
吉林省,22,通化市,05,市辖区,01
吉林省,22,通化市,05,东昌区,02
吉林省,22,通化市,05,二道江区,03
吉林省,22,通化市,05,通化县,21
吉林省,22,通化市,05,辉南县,23
吉林省,22,通化市,05,柳河县,24
吉林省,22,通化市,05,梅河口市,81
吉林省,22,通化市,05,集安市,82
吉林省,22,白山市,06,市辖区,01
吉林省,22,白山市,06,八道江区,02
吉林省,22,白山市,06,抚松县,21
吉林省,22,白山市,06,靖宇县,22
吉林省,22,白山市,06,长白朝鲜族自治县,23
吉林省,22,白山市,06,江源县,25
吉林省,22,白山市,06,临江市,81
吉林省,22,松原市,07,市辖区,01
吉林省,22,松原市,07,宁江区,02
吉林省,22,松原市,07,前郭尔罗斯蒙古族自治,21
吉林省,22,松原市,07,长岭县,22
吉林省,22,松原市,07,乾安县,23
吉林省,22,松原市,07,扶余县,24
吉林省,22,白城市,08,市辖区,01
吉林省,22,白城市,08,洮北区,02
吉林省,22,白城市,08,镇赉县,21
吉林省,22,白城市,08,通榆县,22
吉林省,22,白城市,08,洮南市,81
吉林省,22,白城市,08,大安市,82
吉林省,22,延边朝鲜族自治州,24,延吉市,01
吉林省,22,延边朝鲜族自治州,24,图们市,02
吉林省,22,延边朝鲜族自治州,24,敦化市,03
吉林省,22,延边朝鲜族自治州,24,珲春市,04
吉林省,22,延边朝鲜族自治州,24,龙井市,05
吉林省,22,延边朝鲜族自治州,24,和龙市,06
吉林省,22,延边朝鲜族自治州,24,汪清县,24
吉林省,22,延边朝鲜族自治州,24,安图县,26
黑龙江省,23,哈尔滨市,01,市辖区,01
黑龙江省,23,哈尔滨市,01,道里区,02
黑龙江省,23,哈尔滨市,01,南岗区,03
黑龙江省,23,哈尔滨市,01,道外区,04
黑龙江省,23,哈尔滨市,01,香坊区,05
黑龙江省,23,哈尔滨市,01,动力区,06
黑龙江省,23,哈尔滨市,01,平房区,07
黑龙江省,23,哈尔滨市,01,松北区,08
黑龙江省,23,哈尔滨市,01,呼兰区,11
黑龙江省,23,哈尔滨市,01,依兰县,23
黑龙江省,23,哈尔滨市,01,方正县,24
黑龙江省,23,哈尔滨市,01,宾县,25
黑龙江省,23,哈尔滨市,01,巴彦县,26
黑龙江省,23,哈尔滨市,01,木兰县,27
黑龙江省,23,哈尔滨市,01,通河县,28
黑龙江省,23,哈尔滨市,01,延寿县,29
黑龙江省,23,哈尔滨市,01,阿城市,81
黑龙江省,23,哈尔滨市,01,双城市,82
黑龙江省,23,哈尔滨市,01,尚志市,83
黑龙江省,23,哈尔滨市,01,五常市,84
黑龙江省,23,齐齐哈尔市,02,市辖区,01
黑龙江省,23,齐齐哈尔市,02,龙沙区,02
黑龙江省,23,齐齐哈尔市,02,建华区,03
黑龙江省,23,齐齐哈尔市,02,铁锋区,04
黑龙江省,23,齐齐哈尔市,02,昂昂溪区,05
黑龙江省,23,齐齐哈尔市,02,富拉尔基区,06
黑龙江省,23,齐齐哈尔市,02,碾子山区,07
黑龙江省,23,齐齐哈尔市,02,梅里斯达斡尔族区,08
黑龙江省,23,齐齐哈尔市,02,龙江县,21
黑龙江省,23,齐齐哈尔市,02,依安县,23
黑龙江省,23,齐齐哈尔市,02,泰来县,24
黑龙江省,23,齐齐哈尔市,02,甘南县,25
黑龙江省,23,齐齐哈尔市,02,富裕县,27
黑龙江省,23,齐齐哈尔市,02,克山县,29
黑龙江省,23,齐齐哈尔市,02,克东县,30
黑龙江省,23,齐齐哈尔市,02,拜泉县,31
黑龙江省,23,齐齐哈尔市,02,讷河市,81
黑龙江省,23,鸡西市,03,市辖区,01
黑龙江省,23,鸡西市,03,鸡冠区,02
黑龙江省,23,鸡西市,03,恒山区,03
黑龙江省,23,鸡西市,03,滴道区,04
黑龙江省,23,鸡西市,03,梨树区,05
黑龙江省,23,鸡西市,03,城子河区,06
黑龙江省,23,鸡西市,03,麻山区,07
黑龙江省,23,鸡西市,03,鸡东县,21
黑龙江省,23,鸡西市,03,虎林市,81
黑龙江省,23,鸡西市,03,密山市,82
黑龙江省,23,鹤岗市,04,市辖区,01
黑龙江省,23,鹤岗市,04,向阳区,02
黑龙江省,23,鹤岗市,04,工农区,03
黑龙江省,23,鹤岗市,04,南山区,04
黑龙江省,23,鹤岗市,04,兴安区,05
黑龙江省,23,鹤岗市,04,东山区,06
黑龙江省,23,鹤岗市,04,兴山区,07
黑龙江省,23,鹤岗市,04,萝北县,21
黑龙江省,23,鹤岗市,04,绥滨县,22
黑龙江省,23,双鸭山市,05,市辖区,01
黑龙江省,23,双鸭山市,05,尖山区,02
黑龙江省,23,双鸭山市,05,岭东区,03
黑龙江省,23,双鸭山市,05,四方台区,04
黑龙江省,23,双鸭山市,05,宝山区,05
黑龙江省,23,双鸭山市,05,集贤县,21
黑龙江省,23,双鸭山市,05,友谊县,22
黑龙江省,23,双鸭山市,05,宝清县,23
黑龙江省,23,双鸭山市,05,饶河县,24
黑龙江省,23,大庆市,06,市辖区,01
黑龙江省,23,大庆市,06,萨尔图区,02
黑龙江省,23,大庆市,06,龙凤区,03
黑龙江省,23,大庆市,06,让胡路区,04
黑龙江省,23,大庆市,06,红岗区,05
黑龙江省,23,大庆市,06,大同区,06
黑龙江省,23,大庆市,06,肇州县,21
黑龙江省,23,大庆市,06,肇源县,22
黑龙江省,23,大庆市,06,林甸县,23
黑龙江省,23,大庆市,06,杜尔伯特蒙古族自治县,24
黑龙江省,23,伊春市,07,市辖区,01
黑龙江省,23,伊春市,07,伊春区,02
黑龙江省,23,伊春市,07,南岔区,03
黑龙江省,23,伊春市,07,友好区,04
黑龙江省,23,伊春市,07,西林区,05
黑龙江省,23,伊春市,07,翠峦区,06
黑龙江省,23,伊春市,07,新青区,07
黑龙江省,23,伊春市,07,美溪区,08
黑龙江省,23,伊春市,07,金山屯区,09
黑龙江省,23,伊春市,07,五营区,10
黑龙江省,23,伊春市,07,乌马河区,11
黑龙江省,23,伊春市,07,汤旺河区,12
黑龙江省,23,伊春市,07,带岭区,13
黑龙江省,23,伊春市,07,乌伊岭区,14
黑龙江省,23,伊春市,07,红星区,15
黑龙江省,23,伊春市,07,上甘岭区,16
黑龙江省,23,伊春市,07,嘉荫县,22
黑龙江省,23,伊春市,07,铁力市,81
黑龙江省,23,佳木斯市,08,市辖区,01
黑龙江省,23,佳木斯市,08,永红区,02
黑龙江省,23,佳木斯市,08,向阳区,03
黑龙江省,23,佳木斯市,08,前进区,04
黑龙江省,23,佳木斯市,08,东风区,05
黑龙江省,23,佳木斯市,08,郊区,11
黑龙江省,23,佳木斯市,08,桦南县,22
黑龙江省,23,佳木斯市,08,桦川县,26
黑龙江省,23,佳木斯市,08,汤原县,28
黑龙江省,23,佳木斯市,08,抚远县,33
黑龙江省,23,佳木斯市,08,同江市,81
黑龙江省,23,佳木斯市,08,富锦市,82
黑龙江省,23,七台河市,09,市辖区,01
黑龙江省,23,七台河市,09,新兴区,02
黑龙江省,23,七台河市,09,桃山区,03
黑龙江省,23,七台河市,09,茄子河区,04
黑龙江省,23,七台河市,09,勃利县,21
黑龙江省,23,牡丹江市,10,市辖区,01
黑龙江省,23,牡丹江市,10,东安区,02
黑龙江省,23,牡丹江市,10,阳明区,03
黑龙江省,23,牡丹江市,10,爱民区,04
黑龙江省,23,牡丹江市,10,西安区,05
黑龙江省,23,牡丹江市,10,东宁县,24
黑龙江省,23,牡丹江市,10,林口县,25
黑龙江省,23,牡丹江市,10,绥芬河市,81
黑龙江省,23,牡丹江市,10,海林市,83
黑龙江省,23,牡丹江市,10,宁安市,84
黑龙江省,23,牡丹江市,10,穆棱市,85
黑龙江省,23,黑河市,11,市辖区,01
黑龙江省,23,黑河市,11,爱辉区,02
黑龙江省,23,黑河市,11,嫩江县,21
黑龙江省,23,黑河市,11,逊克县,23
黑龙江省,23,黑河市,11,孙吴县,24
黑龙江省,23,黑河市,11,北安市,81
黑龙江省,23,黑河市,11,五大连池市,82
黑龙江省,23,绥化市,12,市辖区,01
黑龙江省,23,绥化市,12,北林区,02
黑龙江省,23,绥化市,12,望奎县,21
黑龙江省,23,绥化市,12,兰西县,22
黑龙江省,23,绥化市,12,青冈县,23
黑龙江省,23,绥化市,12,庆安县,24
黑龙江省,23,绥化市,12,明水县,25
黑龙江省,23,绥化市,12,绥棱县,26
黑龙江省,23,绥化市,12,安达市,81
黑龙江省,23,绥化市,12,肇东市,82
黑龙江省,23,绥化市,12,海伦市,83
黑龙江省,23,大兴安岭地区,27,加格达奇区,01
黑龙江省,23,大兴安岭地区,27,松岭区,02
黑龙江省,23,大兴安岭地区,27,新林区,03
黑龙江省,23,大兴安岭地区,27,呼中区,04
黑龙江省,23,大兴安岭地区,27,呼玛县,21
黑龙江省,23,大兴安岭地区,27,塔河县,22
黑龙江省,23,大兴安岭地区,27,漠河县,23
上海市,31,市辖区,01,黄浦区,01
上海市,31,市辖区,01,卢湾区,03
上海市,31,市辖区,01,徐汇区,04
上海市,31,市辖区,01,长宁区,05
上海市,31,市辖区,01,静安区,06
上海市,31,市辖区,01,普陀区,07
上海市,31,市辖区,01,闸北区,08
上海市,31,市辖区,01,虹口区,09
上海市,31,市辖区,01,杨浦区,10
上海市,31,市辖区,01,闵行区,12
上海市,31,市辖区,01,宝山区,13
上海市,31,市辖区,01,嘉定区,14
上海市,31,市辖区,01,浦东新区,15
上海市,31,市辖区,01,金山区,16
上海市,31,市辖区,01,松江区,17
上海市,31,市辖区,01,青浦区,18
上海市,31,市辖区,01,南汇区,19
上海市,31,市辖区,01,奉贤区,20
上海市,31,县,02,崇明县,30
江苏省,32,南京市,01,市辖区,01
江苏省,32,南京市,01,玄武区,02
江苏省,32,南京市,01,白下区,03
江苏省,32,南京市,01,秦淮区,04
江苏省,32,南京市,01,建邺区,05
江苏省,32,南京市,01,鼓楼区,06
江苏省,32,南京市,01,下关区,07
江苏省,32,南京市,01,浦口区,11
江苏省,32,南京市,01,栖霞区,13
江苏省,32,南京市,01,雨花台区,14
江苏省,32,南京市,01,江宁区,15
江苏省,32,南京市,01,六合区,16
江苏省,32,南京市,01,溧水县,24
江苏省,32,南京市,01,高淳县,25
江苏省,32,无锡市,02,市辖区,01
江苏省,32,无锡市,02,崇安区,02
江苏省,32,无锡市,02,南长区,03
江苏省,32,无锡市,02,北塘区,04
江苏省,32,无锡市,02,锡山区,05
江苏省,32,无锡市,02,惠山区,06
江苏省,32,无锡市,02,滨湖区,11
江苏省,32,无锡市,02,江阴市,81
江苏省,32,无锡市,02,宜兴市,82
江苏省,32,徐州市,03,市辖区,01
江苏省,32,徐州市,03,鼓楼区,02
江苏省,32,徐州市,03,云龙区,03
江苏省,32,徐州市,03,九里区,04
江苏省,32,徐州市,03,贾汪区,05
江苏省,32,徐州市,03,泉山区,11
江苏省,32,徐州市,03,丰县,21
江苏省,32,徐州市,03,沛县,22
江苏省,32,徐州市,03,铜山县,23
江苏省,32,徐州市,03,睢宁县,24
江苏省,32,徐州市,03,新沂市,81
江苏省,32,徐州市,03,邳州市,82
江苏省,32,常州市,04,市辖区,01
江苏省,32,常州市,04,天宁区,02
江苏省,32,常州市,04,钟楼区,04
江苏省,32,常州市,04,戚墅堰区,05
江苏省,32,常州市,04,新北区,11
江苏省,32,常州市,04,武进区,12
江苏省,32,常州市,04,溧阳市,81
江苏省,32,常州市,04,金坛市,82
江苏省,32,苏州市,05,市辖区,01
江苏省,32,苏州市,05,沧浪区,02
江苏省,32,苏州市,05,平江区,03
江苏省,32,苏州市,05,金阊区,04
江苏省,32,苏州市,05,虎丘区,05
江苏省,32,苏州市,05,吴中区,06
江苏省,32,苏州市,05,相城区,07
江苏省,32,苏州市,05,常熟市,81
江苏省,32,苏州市,05,张家港市,82
江苏省,32,苏州市,05,昆山市,83
江苏省,32,苏州市,05,吴江市,84
江苏省,32,苏州市,05,太仓市,85
江苏省,32,南通市,06,市辖区,01
江苏省,32,南通市,06,崇川区,02
江苏省,32,南通市,06,港闸区,11
江苏省,32,南通市,06,海安县,21
江苏省,32,南通市,06,如东县,23
江苏省,32,南通市,06,启东市,81
江苏省,32,南通市,06,如皋市,82
江苏省,32,南通市,06,通州市,83
江苏省,32,南通市,06,海门市,84
江苏省,32,连云港市,07,市辖区,01
江苏省,32,连云港市,07,连云区,03
江苏省,32,连云港市,07,新浦区,05
江苏省,32,连云港市,07,海州区,06
江苏省,32,连云港市,07,赣榆县,21
江苏省,32,连云港市,07,东海县,22
江苏省,32,连云港市,07,灌云县,23
江苏省,32,连云港市,07,灌南县,24
江苏省,32,淮安市,08,市辖区,01
江苏省,32,淮安市,08,清河区,02
江苏省,32,淮安市,08,楚州区,03
江苏省,32,淮安市,08,淮阴区,04
江苏省,32,淮安市,08,清浦区,11
江苏省,32,淮安市,08,涟水县,26
江苏省,32,淮安市,08,洪泽县,29
江苏省,32,淮安市,08,盱眙县,30
江苏省,32,淮安市,08,金湖县,31
江苏省,32,盐城市,09,市辖区,01
江苏省,32,盐城市,09,亭湖区,02
江苏省,32,盐城市,09,盐都区,03
江苏省,32,盐城市,09,响水县,21
江苏省,32,盐城市,09,滨海县,22
江苏省,32,盐城市,09,阜宁县,23
江苏省,32,盐城市,09,射阳县,24
江苏省,32,盐城市,09,建湖县,25
江苏省,32,盐城市,09,东台市,81
江苏省,32,盐城市,09,大丰市,82
江苏省,32,扬州市,10,市辖区,01
江苏省,32,扬州市,10,广陵区,02
江苏省,32,扬州市,10,邗江区,03
江苏省,32,扬州市,10,郊区,11
江苏省,32,扬州市,10,宝应县,23
江苏省,32,扬州市,10,仪征市,81
江苏省,32,扬州市,10,高邮市,84
江苏省,32,扬州市,10,江都市,88
江苏省,32,镇江市,11,市辖区,01
江苏省,32,镇江市,11,京口区,02
江苏省,32,镇江市,11,润州区,11
江苏省,32,镇江市,11,丹徒区,12
江苏省,32,镇江市,11,丹阳市,81
江苏省,32,镇江市,11,扬中市,82
江苏省,32,镇江市,11,句容市,83
江苏省,32,泰州市,12,市辖区,01
江苏省,32,泰州市,12,海陵区,02
江苏省,32,泰州市,12,高港区,03
江苏省,32,泰州市,12,兴化市,81
江苏省,32,泰州市,12,靖江市,82
江苏省,32,泰州市,12,泰兴市,83
江苏省,32,泰州市,12,姜堰市,84
江苏省,32,宿迁市,13,市辖区,01
江苏省,32,宿迁市,13,宿城区,02
江苏省,32,宿迁市,13,宿豫区,11
江苏省,32,宿迁市,13,沭阳县,22
江苏省,32,宿迁市,13,泗阳县,23
江苏省,32,宿迁市,13,泗洪县,24
浙江省,33,杭州市,01,市辖区,01
浙江省,33,杭州市,01,上城区,02
浙江省,33,杭州市,01,下城区,03
浙江省,33,杭州市,01,江干区,04
浙江省,33,杭州市,01,拱墅区,05
浙江省,33,杭州市,01,西湖区,06
浙江省,33,杭州市,01,滨江区,08
浙江省,33,杭州市,01,萧山区,09
浙江省,33,杭州市,01,余杭区,10
浙江省,33,杭州市,01,桐庐县,22
浙江省,33,杭州市,01,淳安县,27
浙江省,33,杭州市,01,建德市,82
浙江省,33,杭州市,01,富阳市,83
浙江省,33,杭州市,01,临安市,85
浙江省,33,宁波市,02,市辖区,01
浙江省,33,宁波市,02,海曙区,03
浙江省,33,宁波市,02,江东区,04
浙江省,33,宁波市,02,江北区,05
浙江省,33,宁波市,02,北仑区,06
浙江省,33,宁波市,02,镇海区,11
浙江省,33,宁波市,02,鄞州区,12
浙江省,33,宁波市,02,象山县,25
浙江省,33,宁波市,02,宁海县,26
浙江省,33,宁波市,02,余姚市,81
浙江省,33,宁波市,02,慈溪市,82
浙江省,33,宁波市,02,奉化市,83
浙江省,33,宁波市,02,高新区,84
浙江省,33,温州市,03,市辖区,01
浙江省,33,温州市,03,鹿城区,02
浙江省,33,温州市,03,龙湾区,03
浙江省,33,温州市,03,瓯海区,04
浙江省,33,温州市,03,洞头县,22
浙江省,33,温州市,03,永嘉县,24
浙江省,33,温州市,03,平阳县,26
浙江省,33,温州市,03,苍南县,27
浙江省,33,温州市,03,文成县,28
浙江省,33,温州市,03,泰顺县,29
浙江省,33,温州市,03,瑞安市,81
浙江省,33,温州市,03,乐清市,82
浙江省,33,嘉兴市,04,市辖区,01
浙江省,33,嘉兴市,04,秀城区,02
浙江省,33,嘉兴市,04,秀洲区,11
浙江省,33,嘉兴市,04,嘉善县,21
浙江省,33,嘉兴市,04,海盐县,24
浙江省,33,嘉兴市,04,海宁市,81
浙江省,33,嘉兴市,04,平湖市,82
浙江省,33,嘉兴市,04,桐乡市,83
浙江省,33,湖州市,05,市辖区,01
浙江省,33,湖州市,05,吴兴区,02
浙江省,33,湖州市,05,南浔区,03
浙江省,33,湖州市,05,德清县,21
浙江省,33,湖州市,05,长兴县,22
浙江省,33,湖州市,05,安吉县,23
浙江省,33,绍兴市,06,市辖区,01
浙江省,33,绍兴市,06,越城区,02
浙江省,33,绍兴市,06,绍兴县,21
浙江省,33,绍兴市,06,新昌县,24
浙江省,33,绍兴市,06,诸暨市,81
浙江省,33,绍兴市,06,上虞市,82
浙江省,33,绍兴市,06,嵊州市,83
浙江省,33,金华市,07,市辖区,01
浙江省,33,金华市,07,婺城区,02
浙江省,33,金华市,07,金东区,03
浙江省,33,金华市,07,武义县,23
浙江省,33,金华市,07,浦江县,26
浙江省,33,金华市,07,磐安县,27
浙江省,33,金华市,07,兰溪市,81
浙江省,33,金华市,07,义乌市,82
浙江省,33,金华市,07,东阳市,83
浙江省,33,金华市,07,永康市,84
浙江省,33,衢州市,08,市辖区,01
浙江省,33,衢州市,08,柯城区,02
浙江省,33,衢州市,08,衢江区,03
浙江省,33,衢州市,08,常山县,22
浙江省,33,衢州市,08,开化县,24
浙江省,33,衢州市,08,龙游县,25
浙江省,33,衢州市,08,江山市,81
浙江省,33,舟山市,09,市辖区,01
浙江省,33,舟山市,09,定海区,02
浙江省,33,舟山市,09,普陀区,03
浙江省,33,舟山市,09,岱山县,21
浙江省,33,舟山市,09,嵊泗县,22
浙江省,33,台州市,10,市辖区,01
浙江省,33,台州市,10,椒江区,02
浙江省,33,台州市,10,黄岩区,03
浙江省,33,台州市,10,路桥区,04
浙江省,33,台州市,10,玉环县,21
浙江省,33,台州市,10,三门县,22
浙江省,33,台州市,10,天台县,23
浙江省,33,台州市,10,仙居县,24
浙江省,33,台州市,10,温岭市,81
浙江省,33,台州市,10,临海市,82
浙江省,33,丽水市,11,市辖区,01
浙江省,33,丽水市,11,莲都区,02
浙江省,33,丽水市,11,青田县,21
浙江省,33,丽水市,11,缙云县,22
浙江省,33,丽水市,11,遂昌县,23
浙江省,33,丽水市,11,松阳县,24
浙江省,33,丽水市,11,云和县,25
浙江省,33,丽水市,11,庆元县,26
浙江省,33,丽水市,11,景宁畲族自治县,27
浙江省,33,丽水市,11,龙泉市,81
安徽省,34,合肥市,01,市辖区,01
安徽省,34,合肥市,01,瑶海区,02
安徽省,34,合肥市,01,庐阳区,03
安徽省,34,合肥市,01,蜀山区,04
安徽省,34,合肥市,01,包河区,11
安徽省,34,合肥市,01,长丰县,21
安徽省,34,合肥市,01,肥东县,22
安徽省,34,合肥市,01,肥西县,23
安徽省,34,芜湖市,02,市辖区,01
安徽省,34,芜湖市,02,镜湖区,02
安徽省,34,芜湖市,02,马塘区,03
安徽省,34,芜湖市,02,新芜区,04
安徽省,34,芜湖市,02,鸠江区,07
安徽省,34,芜湖市,02,芜湖县,21
安徽省,34,芜湖市,02,繁昌县,22
安徽省,34,芜湖市,02,南陵县,23
安徽省,34,蚌埠市,03,市辖区,01
安徽省,34,蚌埠市,03,龙子湖区,02
安徽省,34,蚌埠市,03,蚌山区,03
安徽省,34,蚌埠市,03,禹会区,04
安徽省,34,蚌埠市,03,淮上区,11
安徽省,34,蚌埠市,03,怀远县,21
安徽省,34,蚌埠市,03,五河县,22
安徽省,34,蚌埠市,03,固镇县,23
安徽省,34,淮南市,04,市辖区,01
安徽省,34,淮南市,04,大通区,02
安徽省,34,淮南市,04,田家庵区,03
安徽省,34,淮南市,04,谢家集区,04
安徽省,34,淮南市,04,八公山区,05
安徽省,34,淮南市,04,潘集区,06
安徽省,34,淮南市,04,凤台县,21
安徽省,34,马鞍山市,05,市辖区,01
安徽省,34,马鞍山市,05,金家庄区,02
安徽省,34,马鞍山市,05,花山区,03
安徽省,34,马鞍山市,05,雨山区,04
安徽省,34,马鞍山市,05,当涂县,21
安徽省,34,淮北市,06,市辖区,01
安徽省,34,淮北市,06,杜集区,02
安徽省,34,淮北市,06,相山区,03
安徽省,34,淮北市,06,烈山区,04
安徽省,34,淮北市,06,濉溪县,21
安徽省,34,铜陵市,07,市辖区,01
安徽省,34,铜陵市,07,铜官山区,02
安徽省,34,铜陵市,07,狮子山区,03
安徽省,34,铜陵市,07,郊区,11
安徽省,34,铜陵市,07,铜陵县,21
安徽省,34,安庆市,08,市辖区,01
安徽省,34,安庆市,08,迎江区,02
安徽省,34,安庆市,08,大观区,03
安徽省,34,安庆市,08,郊区,11
安徽省,34,安庆市,08,怀宁县,22
安徽省,34,安庆市,08,枞阳县,23
安徽省,34,安庆市,08,潜山县,24
安徽省,34,安庆市,08,太湖县,25
安徽省,34,安庆市,08,宿松县,26
安徽省,34,安庆市,08,望江县,27
安徽省,34,安庆市,08,岳西县,28
安徽省,34,安庆市,08,桐城市,81
安徽省,34,黄山市,10,市辖区,01
安徽省,34,黄山市,10,屯溪区,02
安徽省,34,黄山市,10,黄山区,03
安徽省,34,黄山市,10,徽州区,04
安徽省,34,黄山市,10,歙县,21
安徽省,34,黄山市,10,休宁县,22
安徽省,34,黄山市,10,黟县,23
安徽省,34,黄山市,10,祁门县,24
安徽省,34,滁州市,11,市辖区,01
安徽省,34,滁州市,11,琅琊区,02
安徽省,34,滁州市,11,南谯区,03
安徽省,34,滁州市,11,来安县,22
安徽省,34,滁州市,11,全椒县,24
安徽省,34,滁州市,11,定远县,25
安徽省,34,滁州市,11,凤阳县,26
安徽省,34,滁州市,11,天长市,81
安徽省,34,滁州市,11,明光市,82
安徽省,34,阜阳市,12,市辖区,01
安徽省,34,阜阳市,12,颍州区,02
安徽省,34,阜阳市,12,颍东区,03
安徽省,34,阜阳市,12,颍泉区,04
安徽省,34,阜阳市,12,临泉县,21
安徽省,34,阜阳市,12,太和县,22
安徽省,34,阜阳市,12,阜南县,25
安徽省,34,阜阳市,12,颍上县,26
安徽省,34,阜阳市,12,界首市,82
安徽省,34,宿州市,13,市辖区,01
安徽省,34,宿州市,13,墉桥区,02
安徽省,34,宿州市,13,砀山县,21
安徽省,34,宿州市,13,萧县,22
安徽省,34,宿州市,13,灵璧县,23
安徽省,34,宿州市,13,泗县,24
安徽省,34,巢湖市,14,市辖区,01
安徽省,34,巢湖市,14,居巢区,02
安徽省,34,巢湖市,14,庐江县,21
安徽省,34,巢湖市,14,无为县,22
安徽省,34,巢湖市,14,含山县,23
安徽省,34,巢湖市,14,和县,24
安徽省,34,六安市,15,市辖区,01
安徽省,34,六安市,15,金安区,02
安徽省,34,六安市,15,裕安区,03
安徽省,34,六安市,15,寿县,21
安徽省,34,六安市,15,霍邱县,22
安徽省,34,六安市,15,舒城县,23
安徽省,34,六安市,15,金寨县,24
安徽省,34,六安市,15,霍山县,25
安徽省,34,亳州市,16,市辖区,01
安徽省,34,亳州市,16,谯城区,02
安徽省,34,亳州市,16,涡阳县,21
安徽省,34,亳州市,16,蒙城县,22
安徽省,34,亳州市,16,利辛县,23
安徽省,34,池州市,17,市辖区,01
安徽省,34,池州市,17,贵池区,02
安徽省,34,池州市,17,东至县,21
安徽省,34,池州市,17,石台县,22
安徽省,34,池州市,17,青阳县,23
安徽省,34,宣城市,18,市辖区,01
安徽省,34,宣城市,18,宣州区,02
安徽省,34,宣城市,18,郎溪县,21
安徽省,34,宣城市,18,广德县,22
安徽省,34,宣城市,18,泾县,23
安徽省,34,宣城市,18,绩溪县,24
安徽省,34,宣城市,18,旌德县,25
安徽省,34,宣城市,18,宁国市,81
福建省,35,福州市,01,市辖区,01
福建省,35,福州市,01,鼓楼区,02
福建省,35,福州市,01,台江区,03
福建省,35,福州市,01,仓山区,04
福建省,35,福州市,01,马尾区,05
福建省,35,福州市,01,晋安区,11
福建省,35,福州市,01,闽侯县,21
福建省,35,福州市,01,连江县,22
福建省,35,福州市,01,罗源县,23
福建省,35,福州市,01,闽清县,24
福建省,35,福州市,01,永泰县,25
福建省,35,福州市,01,平潭县,28
福建省,35,福州市,01,福清市,81
福建省,35,福州市,01,长乐市,82
福建省,35,厦门市,02,市辖区,01
福建省,35,厦门市,02,思明区,03
福建省,35,厦门市,02,海沧区,05
福建省,35,厦门市,02,湖里区,06
福建省,35,厦门市,02,集美区,11
福建省,35,厦门市,02,同安区,12
福建省,35,厦门市,02,翔安区,13
福建省,35,莆田市,03,市辖区,01
福建省,35,莆田市,03,城厢区,02
福建省,35,莆田市,03,涵江区,03
福建省,35,莆田市,03,荔城区,04
福建省,35,莆田市,03,秀屿区,05
福建省,35,莆田市,03,仙游县,22
福建省,35,三明市,04,市辖区,01
福建省,35,三明市,04,梅列区,02
福建省,35,三明市,04,三元区,03
福建省,35,三明市,04,明溪县,21
福建省,35,三明市,04,清流县,23
福建省,35,三明市,04,宁化县,24
福建省,35,三明市,04,大田县,25
福建省,35,三明市,04,尤溪县,26
福建省,35,三明市,04,沙县,27
福建省,35,三明市,04,将乐县,28
福建省,35,三明市,04,泰宁县,29
福建省,35,三明市,04,建宁县,30
福建省,35,三明市,04,永安市,81
福建省,35,泉州市,05,市辖区,01
福建省,35,泉州市,05,鲤城区,02
福建省,35,泉州市,05,丰泽区,03
福建省,35,泉州市,05,洛江区,04
福建省,35,泉州市,05,泉港区,05
福建省,35,泉州市,05,惠安县,21
福建省,35,泉州市,05,安溪县,24
福建省,35,泉州市,05,永春县,25
福建省,35,泉州市,05,德化县,26
福建省,35,泉州市,05,金门县,27
福建省,35,泉州市,05,石狮市,81
福建省,35,泉州市,05,晋江市,82
福建省,35,泉州市,05,南安市,83
福建省,35,漳州市,06,市辖区,01
福建省,35,漳州市,06,芗城区,02
福建省,35,漳州市,06,龙文区,03
福建省,35,漳州市,06,云霄县,22
福建省,35,漳州市,06,漳浦县,23
福建省,35,漳州市,06,诏安县,24
福建省,35,漳州市,06,长泰县,25
福建省,35,漳州市,06,东山县,26
福建省,35,漳州市,06,南靖县,27
福建省,35,漳州市,06,平和县,28
福建省,35,漳州市,06,华安县,29
福建省,35,漳州市,06,龙海市,81
福建省,35,南平市,07,市辖区,01
福建省,35,南平市,07,延平区,02
福建省,35,南平市,07,顺昌县,21
福建省,35,南平市,07,浦城县,22
福建省,35,南平市,07,光泽县,23
福建省,35,南平市,07,松溪县,24
福建省,35,南平市,07,政和县,25
福建省,35,南平市,07,邵武市,81
福建省,35,南平市,07,武夷山市,82
福建省,35,南平市,07,建瓯市,83
福建省,35,南平市,07,建阳市,84
福建省,35,龙岩市,08,市辖区,01
福建省,35,龙岩市,08,新罗区,02
福建省,35,龙岩市,08,长汀县,21
福建省,35,龙岩市,08,永定县,22
福建省,35,龙岩市,08,上杭县,23
福建省,35,龙岩市,08,武平县,24
福建省,35,龙岩市,08,连城县,25
福建省,35,龙岩市,08,漳平市,81
福建省,35,龙岩市,09,市辖区,01
福建省,35,宁德市,09,蕉城区,02
福建省,35,宁德市,09,霞浦县,21
福建省,35,宁德市,09,古田县,22
福建省,35,宁德市,09,屏南县,23
福建省,35,宁德市,09,寿宁县,24
福建省,35,宁德市,09,周宁县,25
福建省,35,宁德市,09,柘荣县,26
福建省,35,宁德市,09,福安市,81
福建省,35,宁德市,09,福鼎市,82
江西省,36,南昌市,01,市辖区,01
江西省,36,南昌市,01,东湖区,02
江西省,36,南昌市,01,西湖区,03
江西省,36,南昌市,01,青云谱区,04
江西省,36,南昌市,01,湾里区,05
江西省,36,南昌市,01,青山湖区,11
江西省,36,南昌市,01,南昌县,21
江西省,36,南昌市,01,新建县,22
江西省,36,南昌市,01,安义县,23
江西省,36,南昌市,01,进贤县,24
江西省,36,景德镇市,02,市辖区,01
江西省,36,景德镇市,02,昌江区,02
江西省,36,景德镇市,02,珠山区,03
江西省,36,景德镇市,02,浮梁县,22
江西省,36,景德镇市,02,乐平市,81
江西省,36,萍乡市,03,市辖区,01
江西省,36,萍乡市,03,安源区,02
江西省,36,萍乡市,03,湘东区,13
江西省,36,萍乡市,03,莲花县,21
江西省,36,萍乡市,03,上栗县,22
江西省,36,萍乡市,03,芦溪县,23
江西省,36,九江市,04,市辖区,01
江西省,36,九江市,04,庐山区,02
江西省,36,九江市,04,浔阳区,03
江西省,36,九江市,04,九江县,21
江西省,36,九江市,04,武宁县,23
江西省,36,九江市,04,修水县,24
江西省,36,九江市,04,永修县,25
江西省,36,九江市,04,德安县,26
江西省,36,九江市,04,星子县,27
江西省,36,九江市,04,都昌县,28
江西省,36,九江市,04,湖口县,29
江西省,36,九江市,04,彭泽县,30
江西省,36,九江市,04,瑞昌市,81
江西省,36,九江市,04,共青城市,82
江西省,36,新余市,05,市辖区,01
江西省,36,新余市,05,渝水区,02
江西省,36,新余市,05,分宜县,21
江西省,36,鹰潭市,06,市辖区,01
江西省,36,鹰潭市,06,月湖区,02
江西省,36,鹰潭市,06,余江县,22
江西省,36,鹰潭市,06,贵溪市,81
江西省,36,赣州市,07,市辖区,01
江西省,36,赣州市,07,章贡区,02
江西省,36,赣州市,07,赣县,21
江西省,36,赣州市,07,信丰县,22
江西省,36,赣州市,07,大余县,23
江西省,36,赣州市,07,上犹县,24
江西省,36,赣州市,07,崇义县,25
江西省,36,赣州市,07,安远县,26
江西省,36,赣州市,07,龙南县,27
江西省,36,赣州市,07,定南县,28
江西省,36,赣州市,07,全南县,29
江西省,36,赣州市,07,宁都县,30
江西省,36,赣州市,07,于都县,31
江西省,36,赣州市,07,兴国县,32
江西省,36,赣州市,07,会昌县,33
江西省,36,赣州市,07,寻乌县,34
江西省,36,赣州市,07,石城县,35
江西省,36,赣州市,07,瑞金市,81
江西省,36,赣州市,07,南康市,82
江西省,36,吉安市,08,市辖区,01
江西省,36,吉安市,08,吉州区,02
江西省,36,吉安市,08,青原区,03
江西省,36,吉安市,08,吉安县,21
江西省,36,吉安市,08,吉水县,22
江西省,36,吉安市,08,峡江县,23
江西省,36,吉安市,08,新干县,24
江西省,36,吉安市,08,永丰县,25
江西省,36,吉安市,08,泰和县,26
江西省,36,吉安市,08,遂川县,27
江西省,36,吉安市,08,万安县,28
江西省,36,吉安市,08,安福县,29
江西省,36,吉安市,08,永新县,30
江西省,36,吉安市,08,井冈山市,81
江西省,36,宜春市,09,市辖区,01
江西省,36,宜春市,09,袁州区,02
江西省,36,宜春市,09,奉新县,21
江西省,36,宜春市,09,万载县,22
江西省,36,宜春市,09,上高县,23
江西省,36,宜春市,09,宜丰县,24
江西省,36,宜春市,09,靖安县,25
江西省,36,宜春市,09,铜鼓县,26
江西省,36,宜春市,09,丰城市,81
江西省,36,宜春市,09,樟树市,82
江西省,36,宜春市,09,高安市,83
江西省,36,抚州市,10,市辖区,01
江西省,36,抚州市,10,临川区,02
江西省,36,抚州市,10,南城县,21
江西省,36,抚州市,10,黎川县,22
江西省,36,抚州市,10,南丰县,23
江西省,36,抚州市,10,崇仁县,24
江西省,36,抚州市,10,乐安县,25
江西省,36,抚州市,10,宜黄县,26
江西省,36,抚州市,10,金溪县,27
江西省,36,抚州市,10,资溪县,28
江西省,36,抚州市,10,东乡县,29
江西省,36,抚州市,10,广昌县,30
江西省,36,上饶市,11,市辖区,01
江西省,36,上饶市,11,信州区,02
江西省,36,上饶市,11,上饶县,21
江西省,36,上饶市,11,广丰县,22
江西省,36,上饶市,11,玉山县,23
江西省,36,上饶市,11,铅山县,24
江西省,36,上饶市,11,横峰县,25
江西省,36,上饶市,11,弋阳县,26
江西省,36,上饶市,11,余干县,27
江西省,36,上饶市,11,鄱阳县,28
江西省,36,上饶市,11,万年县,29
江西省,36,上饶市,11,婺源县,30
江西省,36,上饶市,11,德兴市,81
山东省,37,济南市,01,市辖区,01
山东省,37,济南市,01,历下区,02
山东省,37,济南市,01,市中区,03
山东省,37,济南市,01,槐荫区,04
山东省,37,济南市,01,天桥区,05
山东省,37,济南市,01,历城区,12
山东省,37,济南市,01,长清区,13
山东省,37,济南市,01,平阴县,24
山东省,37,济南市,01,济阳县,25
山东省,37,济南市,01,商河县,26
山东省,37,济南市,01,章丘市,81
山东省,37,青岛市,02,市辖区,01
山东省,37,青岛市,02,市南区,02
山东省,37,青岛市,02,市北区,03
山东省,37,青岛市,02,四方区,05
山东省,37,青岛市,02,黄岛区,11
山东省,37,青岛市,02,崂山区,12
山东省,37,青岛市,02,李沧区,13
山东省,37,青岛市,02,城阳区,14
山东省,37,青岛市,02,胶州市,81
山东省,37,青岛市,02,即墨市,82
山东省,37,青岛市,02,平度市,83
山东省,37,青岛市,02,胶南市,84
山东省,37,青岛市,02,莱西市,85
山东省,37,淄博市,03,市辖区,01
山东省,37,淄博市,03,淄川区,02
山东省,37,淄博市,03,张店区,03
山东省,37,淄博市,03,博山区,04
山东省,37,淄博市,03,临淄区,05
山东省,37,淄博市,03,周村区,06
山东省,37,淄博市,03,桓台县,21
山东省,37,淄博市,03,高青县,22
山东省,37,淄博市,03,沂源县,23
山东省,37,枣庄市,04,市辖区,01
山东省,37,枣庄市,04,市中区,02
山东省,37,枣庄市,04,薛城区,03
山东省,37,枣庄市,04,峄城区,04
山东省,37,枣庄市,04,台儿庄区,05
山东省,37,枣庄市,04,山亭区,06
山东省,37,枣庄市,04,滕州市,81
山东省,37,东营市,05,市辖区,01
山东省,37,东营市,05,东营区,02
山东省,37,东营市,05,河口区,03
山东省,37,东营市,05,垦利县,21
山东省,37,东营市,05,利津县,22
山东省,37,东营市,05,广饶县,23
山东省,37,烟台市,06,市辖区,01
山东省,37,烟台市,06,芝罘区,02
山东省,37,烟台市,06,福山区,11
山东省,37,烟台市,06,牟平区,12
山东省,37,烟台市,06,莱山区,13
山东省,37,烟台市,06,长岛县,34
山东省,37,烟台市,06,龙口市,81
山东省,37,烟台市,06,莱阳市,82
山东省,37,烟台市,06,莱州市,83
山东省,37,烟台市,06,蓬莱市,84
山东省,37,烟台市,06,招远市,85
山东省,37,烟台市,06,栖霞市,86
山东省,37,烟台市,06,海阳市,87
山东省,37,潍坊市,07,市辖区,01
山东省,37,潍坊市,07,潍城区,02
山东省,37,潍坊市,07,寒亭区,03
山东省,37,潍坊市,07,坊子区,04
山东省,37,潍坊市,07,奎文区,5
山东省,37,潍坊市,07,临朐县,24
山东省,37,潍坊市,07,昌乐县,25
山东省,37,潍坊市,07,青州市,81
山东省,37,潍坊市,07,诸城市,82
山东省,37,潍坊市,07,寿光市,83
山东省,37,潍坊市,07,安丘市,84
山东省,37,潍坊市,07,高密市,85
山东省,37,潍坊市,07,昌邑市,86
山东省,37,济宁市,08,市辖区,01
山东省,37,济宁市,08,市中区,02
山东省,37,济宁市,08,任城区,11
山东省,37,济宁市,08,微山县,26
山东省,37,济宁市,08,鱼台县,27
山东省,37,济宁市,08,金乡县,28
山东省,37,济宁市,08,嘉祥县,29
山东省,37,济宁市,08,汶上县,30
山东省,37,济宁市,08,泗水县,31
山东省,37,济宁市,08,梁山县,32
山东省,37,济宁市,08,曲阜市,81
山东省,37,济宁市,08,兖州市,82
山东省,37,济宁市,08,邹城市,83
山东省,37,泰安市,09,市辖区,01
山东省,37,泰安市,09,泰山区,02
山东省,37,泰安市,09,岱岳区,03
山东省,37,泰安市,09,宁阳县,21
山东省,37,泰安市,09,东平县,23
山东省,37,泰安市,09,新泰市,82
山东省,37,泰安市,09,肥城市,83
山东省,37,威海市,10,市辖区,01
山东省,37,威海市,10,环翠区,02
山东省,37,威海市,10,文登市,81
山东省,37,威海市,10,荣成市,82
山东省,37,威海市,10,乳山市,83
山东省,37,日照市,11,市辖区,01
山东省,37,日照市,11,东港区,02
山东省,37,日照市,11,岚山区,03
山东省,37,日照市,11,五莲县,21
山东省,37,日照市,11,莒县,22
山东省,37,莱芜市,12,市辖区,01
山东省,37,莱芜市,12,莱城区,02
山东省,37,莱芜市,12,钢城区,03
山东省,37,临沂市,13,市辖区,01
山东省,37,临沂市,13,兰山区,2
山东省,37,临沂市,13,罗庄区,11
山东省,37,临沂市,13,河东区,12
山东省,37,临沂市,13,沂南县,21
山东省,37,临沂市,13,郯城县,22
山东省,37,临沂市,13,沂水县,23
山东省,37,临沂市,13,苍山县,24
山东省,37,临沂市,13,费县,25
山东省,37,临沂市,13,平邑县,26
山东省,37,临沂市,13,莒南县,27
山东省,37,临沂市,13,蒙阴县,28
山东省,37,临沂市,13,临沭县,29
山东省,37,德州市,14,市辖区,01
山东省,37,德州市,14,德城区,02
山东省,37,德州市,14,陵县,21
山东省,37,德州市,14,宁津县,22
山东省,37,德州市,14,庆云县,23
山东省,37,德州市,14,临邑县,24
山东省,37,德州市,14,齐河县,25
山东省,37,德州市,14,平原县,26
山东省,37,德州市,14,夏津县,27
山东省,37,德州市,14,武城县,28
山东省,37,德州市,14,乐陵市,81
山东省,37,德州市,14,禹城市,82
山东省,37,聊城市,15,市辖区,01
山东省,37,聊城市,15,东昌府区,02
山东省,37,聊城市,15,阳谷县,21
山东省,37,聊城市,15,莘县,22
山东省,37,聊城市,15,茌平县,23
山东省,37,聊城市,15,东阿县,24
山东省,37,聊城市,15,冠县,25
山东省,37,聊城市,15,高唐县,26
山东省,37,聊城市,15,临清市,81
山东省,37,滨州市,16,市辖区,01
山东省,37,滨州市,16,滨城区,02
山东省,37,滨州市,16,惠民县,21
山东省,37,滨州市,16,阳信县,22
山东省,37,滨州市,16,无棣县,23
山东省,37,滨州市,16,沾化县,24
山东省,37,滨州市,16,博兴县,25
山东省,37,滨州市,16,邹平县,26
山东省,37,荷泽市,17,市辖区,01
山东省,37,荷泽市,17,牡丹区,02
山东省,37,荷泽市,17,曹县,21
山东省,37,荷泽市,17,单县,22
山东省,37,荷泽市,17,成武县,23
山东省,37,荷泽市,17,巨野县,24
山东省,37,荷泽市,17,郓城县,25
山东省,37,荷泽市,17,鄄城县,26
山东省,37,荷泽市,17,定陶县,27
山东省,37,荷泽市,17,东明县,28
河南省,41,郑州市,01,市辖区,01
河南省,41,郑州市,01,中原区,02
河南省,41,郑州市,01,二七区,03
河南省,41,郑州市,01,管城回族区,04
河南省,41,郑州市,01,金水区,05
河南省,41,郑州市,01,上街区,06
河南省,41,郑州市,01,邙山区,08
河南省,41,郑州市,01,中牟县,22
河南省,41,郑州市,01,巩义市,81
河南省,41,郑州市,01,荥阳市,82
河南省,41,郑州市,01,新密市,83
河南省,41,郑州市,01,新郑市,84
河南省,41,郑州市,01,登封市,85
河南省,41,开封市,02,市辖区,01
河南省,41,开封市,02,龙亭区,02
河南省,41,开封市,02,顺河回族区,03
河南省,41,开封市,02,鼓楼区,04
河南省,41,开封市,02,南关区,05
河南省,41,开封市,02,郊区,11
河南省,41,开封市,02,杞县,21
河南省,41,开封市,02,通许县,22
河南省,41,开封市,02,尉氏县,23
河南省,41,开封市,02,开封县,24
河南省,41,开封市,02,兰考县,25
河南省,41,洛阳市,03,市辖区,01
河南省,41,洛阳市,03,老城区,02
河南省,41,洛阳市,03,西工区,03
河南省,41,洛阳市,03,廛河回族区,04
河南省,41,洛阳市,03,涧西区,05
河南省,41,洛阳市,03,吉利区,06
河南省,41,洛阳市,03,洛龙区,07
河南省,41,洛阳市,03,孟津县,22
河南省,41,洛阳市,03,新安县,23
河南省,41,洛阳市,03,栾川县,24
河南省,41,洛阳市,03,嵩县,25
河南省,41,洛阳市,03,汝阳县,26
河南省,41,洛阳市,03,宜阳县,27
河南省,41,洛阳市,03,洛宁县,28
河南省,41,洛阳市,03,伊川县,29
河南省,41,洛阳市,03,偃师市,81
河南省,41,平顶山市,04,市辖区,01
河南省,41,平顶山市,04,新华区,02
河南省,41,平顶山市,04,卫东区,03
河南省,41,平顶山市,04,石龙区,04
河南省,41,平顶山市,04,湛河区,11
河南省,41,平顶山市,04,宝丰县,21
河南省,41,平顶山市,04,叶县,22
河南省,41,平顶山市,04,鲁山县,23
河南省,41,平顶山市,04,郏县,25
河南省,41,平顶山市,04,舞钢市,81
河南省,41,平顶山市,04,汝州市,82
河南省,41,安阳市,05,市辖区,01
河南省,41,安阳市,05,文峰区,02
河南省,41,安阳市,05,北关区,03
河南省,41,安阳市,05,殷都区,05
河南省,41,安阳市,05,龙安区,06
河南省,41,安阳市,05,安阳县,22
河南省,41,安阳市,05,汤阴县,23
河南省,41,安阳市,05,滑县,26
河南省,41,安阳市,05,内黄县,27
河南省,41,安阳市,05,林州市,81
河南省,41,鹤壁市,06,市辖区,01
河南省,41,鹤壁市,06,鹤山区,02
河南省,41,鹤壁市,06,山城区,03
河南省,41,鹤壁市,06,淇滨区,11
河南省,41,鹤壁市,06,浚县,21
河南省,41,鹤壁市,06,淇县,22
河南省,41,新乡市,07,市辖区,01
河南省,41,新乡市,07,红旗区,02
河南省,41,新乡市,07,卫滨区,03
河南省,41,新乡市,07,凤泉区,04
河南省,41,新乡市,07,牧野区,11
河南省,41,新乡市,07,新乡县,21
河南省,41,新乡市,07,获嘉县,24
河南省,41,新乡市,07,原阳县,25
河南省,41,新乡市,07,延津县,26
河南省,41,新乡市,07,封丘县,27
河南省,41,新乡市,07,长垣县,28
河南省,41,新乡市,07,卫辉市,81
河南省,41,新乡市,07,辉县市,82
河南省,41,焦作市,08,市辖区,01
河南省,41,焦作市,08,解放区,02
河南省,41,焦作市,08,中站区,03
河南省,41,焦作市,08,马村区,04
河南省,41,焦作市,08,山阳区,11
河南省,41,焦作市,08,修武县,21
河南省,41,焦作市,08,博爱县,22
河南省,41,焦作市,08,武陟县,23
河南省,41,焦作市,08,温县,25
河南省,41,焦作市,08,济源市,81
河南省,41,焦作市,08,沁阳市,82
河南省,41,焦作市,08,孟州市,83
河南省,41,濮阳市,09,市辖区,01
河南省,41,濮阳市,09,华龙区,02
河南省,41,濮阳市,09,清丰县,22
河南省,41,濮阳市,09,南乐县,23
河南省,41,濮阳市,09,范县,26
河南省,41,濮阳市,09,台前县,27
河南省,41,濮阳市,09,濮阳县,28
河南省,41,许昌市,10,市辖区,01
河南省,41,许昌市,10,魏都区,02
河南省,41,许昌市,10,许昌县,23
河南省,41,许昌市,10,鄢陵县,24
河南省,41,许昌市,10,襄城县,25
河南省,41,许昌市,10,禹州市,81
河南省,41,许昌市,10,长葛市,82
河南省,41,漯河市,11,市辖区,01
河南省,41,漯河市,11,源汇区,02
河南省,41,漯河市,11,郾城区,03
河南省,41,漯河市,11,召陵区,04
河南省,41,漯河市,11,舞阳县,21
河南省,41,漯河市,11,临颍县,22
河南省,41,三门峡市,12,市辖区,01
河南省,41,三门峡市,12,湖滨区,02
河南省,41,三门峡市,12,渑池县,21
河南省,41,三门峡市,12,陕县,22
河南省,41,三门峡市,12,卢氏县,24
河南省,41,三门峡市,12,义马市,81
河南省,41,三门峡市,12,灵宝市,82
河南省,41,南阳市,13,市辖区,01
河南省,41,南阳市,13,宛城区,02
河南省,41,南阳市,13,卧龙区,03
河南省,41,南阳市,13,南召县,21
河南省,41,南阳市,13,方城县,22
河南省,41,南阳市,13,西峡县,23
河南省,41,南阳市,13,镇平县,24
河南省,41,南阳市,13,内乡县,25
河南省,41,南阳市,13,淅川县,26
河南省,41,南阳市,13,社旗县,27
河南省,41,南阳市,13,唐河县,28
河南省,41,南阳市,13,新野县,29
河南省,41,南阳市,13,桐柏县,30
河南省,41,南阳市,13,邓州市,81
河南省,41,商丘市,14,市辖区,01
河南省,41,商丘市,14,梁园区,02
河南省,41,商丘市,14,睢阳区,03
河南省,41,商丘市,14,民权县,21
河南省,41,商丘市,14,睢县,22
河南省,41,商丘市,14,宁陵县,23
河南省,41,商丘市,14,柘城县,24
河南省,41,商丘市,14,虞城县,25
河南省,41,商丘市,14,夏邑县,26
河南省,41,商丘市,14,永城市,81
河南省,41,信阳市,15,市辖区,01
河南省,41,信阳市,15,师河区,02
河南省,41,信阳市,15,平桥区,03
河南省,41,信阳市,15,罗山县,21
河南省,41,信阳市,15,光山县,22
河南省,41,信阳市,15,新县,23
河南省,41,信阳市,15,商城县,24
河南省,41,信阳市,15,固始县,25
河南省,41,信阳市,15,潢川县,26
河南省,41,信阳市,15,淮滨县,27
河南省,41,信阳市,15,息县,28
河南省,41,周口市,16,市辖区,01
河南省,41,周口市,16,川汇区,02
河南省,41,周口市,16,扶沟县,21
河南省,41,周口市,16,西华县,22
河南省,41,周口市,16,商水县,23
河南省,41,周口市,16,沈丘县,24
河南省,41,周口市,16,郸城县,25
河南省,41,周口市,16,淮阳县,26
河南省,41,周口市,16,太康县,27
河南省,41,周口市,16,鹿邑县,28
河南省,41,周口市,16,项城市,81
河南省,41,驻马店市,17,市辖区,01
河南省,41,驻马店市,17,驿城区,02
河南省,41,驻马店市,17,西平县,21
河南省,41,驻马店市,17,上蔡县,22
河南省,41,驻马店市,17,平舆县,23
河南省,41,驻马店市,17,正阳县,24
河南省,41,驻马店市,17,确山县,25
河南省,41,驻马店市,17,泌阳县,26
河南省,41,驻马店市,17,汝南县,27
河南省,41,驻马店市,17,遂平县,28
河南省,41,驻马店市,17,新蔡县,29
河南省,41,济源市,18,济水区,01
河南省,41,济源市,18,双桥区,02
河南省,41,济源市,18,天坛区,03
河南省,41,济源市,18,北海区,04
湖北省,42,武汉市,01,市辖区,01
湖北省,42,武汉市,01,江岸区,02
湖北省,42,武汉市,01,江汉区,03
湖北省,42,武汉市,01,硚口区,04
湖北省,42,武汉市,01,汉阳区,05
湖北省,42,武汉市,01,武昌区,06
湖北省,42,武汉市,01,青山区,07
湖北省,42,武汉市,01,洪山区,11
湖北省,42,武汉市,01,东西湖区,12
湖北省,42,武汉市,01,汉南区,13
湖北省,42,武汉市,01,蔡甸区,14
湖北省,42,武汉市,01,江夏区,15
湖北省,42,武汉市,01,黄陂区,16
湖北省,42,武汉市,01,新洲区,17
湖北省,42,黄石市,02,市辖区,01
湖北省,42,黄石市,02,黄石港区,02
湖北省,42,黄石市,02,西塞山区,03
湖北省,42,黄石市,02,下陆区,04
湖北省,42,黄石市,02,铁山区,05
湖北省,42,黄石市,02,阳新县,22
湖北省,42,黄石市,02,大冶市,81
湖北省,42,十堰市,03,市辖区,01
湖北省,42,十堰市,03,茅箭区,02
湖北省,42,十堰市,03,张湾区,03
湖北省,42,十堰市,03,郧县,21
湖北省,42,十堰市,03,郧西县,22
湖北省,42,十堰市,03,竹山县,23
湖北省,42,十堰市,03,竹溪县,24
湖北省,42,十堰市,03,房县,25
湖北省,42,十堰市,03,丹江口市,81
湖北省,42,宜昌市,05,市辖区,01
湖北省,42,宜昌市,05,西陵区,02
湖北省,42,宜昌市,05,伍家岗区,03
湖北省,42,宜昌市,05,点军区,04
湖北省,42,宜昌市,05,猇亭区,05
湖北省,42,宜昌市,05,夷陵区,06
湖北省,42,宜昌市,05,远安县,25
湖北省,42,宜昌市,05,兴山县,26
湖北省,42,宜昌市,05,秭归县,27
湖北省,42,宜昌市,05,长阳土家族自治县,28
湖北省,42,宜昌市,05,五峰土家族自治县,29
湖北省,42,宜昌市,05,宜都市,81
湖北省,42,宜昌市,05,当阳市,82
湖北省,42,宜昌市,05,枝江市,83
湖北省,42,襄樊市,06,市辖区,01
湖北省,42,襄樊市,06,襄城区,02
湖北省,42,襄樊市,06,樊城区,06
湖北省,42,襄樊市,06,襄阳区,07
湖北省,42,襄樊市,06,南漳县,24
湖北省,42,襄樊市,06,谷城县,25
湖北省,42,襄樊市,06,保康县,26
湖北省,42,襄樊市,06,老河口市,82
湖北省,42,襄樊市,06,枣阳市,83
湖北省,42,襄樊市,06,宜城市,84
湖北省,42,鄂州市,07,市辖区,01
湖北省,42,鄂州市,07,梁子湖区,02
湖北省,42,鄂州市,07,华容区,03
湖北省,42,鄂州市,07,鄂城区,04
湖北省,42,荆门市,08,市辖区,01
湖北省,42,荆门市,08,东宝区,02
湖北省,42,荆门市,08,掇刀区,04
湖北省,42,荆门市,08,京山县,21
湖北省,42,荆门市,08,沙洋县,22
湖北省,42,荆门市,8,钟祥市,81
湖北省,42,孝感市,09,市辖区,01
湖北省,42,孝感市,09,孝南区,02
湖北省,42,孝感市,09,孝昌县,21
湖北省,42,孝感市,09,大悟县,22
湖北省,42,孝感市,09,云梦县,23
湖北省,42,孝感市,09,应城市,81
湖北省,42,孝感市,09,安陆市,82
湖北省,42,孝感市,09,汉川市,84
湖北省,42,荆州市,10,市辖区,01
湖北省,42,荆州市,10,沙市区,02
湖北省,42,荆州市,10,荆州区,03
湖北省,42,荆州市,10,公安县,22
湖北省,42,荆州市,10,监利县,23
湖北省,42,荆州市,10,江陵县,24
湖北省,42,荆州市,10,石首市,81
湖北省,42,荆州市,10,洪湖市,83
湖北省,42,荆州市,10,松滋市,87
湖北省,42,黄冈市,11,市辖区,01
湖北省,42,黄冈市,11,黄州区,02
湖北省,42,黄冈市,11,团风县,21
湖北省,42,黄冈市,11,红安县,22
湖北省,42,黄冈市,11,罗田县,23
湖北省,42,黄冈市,11,英山县,24
湖北省,42,黄冈市,11,浠水县,25
湖北省,42,黄冈市,11,蕲春县,26
湖北省,42,黄冈市,11,黄梅县,27
湖北省,42,黄冈市,11,麻城市,81
湖北省,42,黄冈市,11,武穴市,82
湖北省,42,咸宁市,12,市辖区,01
湖北省,42,咸宁市,12,咸安区,02
湖北省,42,咸宁市,12,嘉鱼县,21
湖北省,42,咸宁市,12,通城县,22
湖北省,42,咸宁市,12,崇阳县,23
湖北省,42,咸宁市,12,通山县,24
湖北省,42,咸宁市,12,赤壁市,81
湖北省,42,随州市,13,市辖区,01
湖北省,42,随州市,13,曾都区,02
湖北省,42,随州市,13,广水市,81
湖北省,42,恩施土家族苗族自治州,28,恩施市,01
湖北省,42,恩施土家族苗族自治州,28,利川市,02
湖北省,42,恩施土家族苗族自治州,28,建始县,22
湖北省,42,恩施土家族苗族自治州,28,巴东县,23
湖北省,42,恩施土家族苗族自治州,28,宣恩县,25
湖北省,42,恩施土家族苗族自治州,28,咸丰县,26
湖北省,42,恩施土家族苗族自治州,28,来凤县,27
湖北省,42,恩施土家族苗族自治州,28,鹤峰县,28
湖北省,42,省直辖行政单位,90,仙桃市,04
湖北省,42,省直辖行政单位,90,潜江市,05
湖北省,42,省直辖行政单位,90,天门市,06
湖北省,42,省直辖行政单位,90,神农架林区,21
湖南省,43,长沙市,01,市辖区,01
湖南省,43,长沙市,01,芙蓉区,02
湖南省,43,长沙市,01,天心区,03
湖南省,43,长沙市,01,岳麓区,04
湖南省,43,长沙市,01,开福区,05
湖南省,43,长沙市,01,雨花区,11
湖南省,43,长沙市,01,长沙县,21
湖南省,43,长沙市,01,望城县,22
湖南省,43,长沙市,01,宁乡县,24
湖南省,43,长沙市,01,浏阳市,81
湖南省,43,株洲市,02,市辖区,01
湖南省,43,株洲市,02,荷塘区,02
湖南省,43,株洲市,02,芦淞区,03
湖南省,43,株洲市,02,石峰区,04
湖南省,43,株洲市,02,天元区,11
湖南省,43,株洲市,02,株洲县,21
湖南省,43,株洲市,02,攸县,23
湖南省,43,株洲市,02,茶陵县,24
湖南省,43,株洲市,02,炎陵县,25
湖南省,43,株洲市,02,醴陵市,81
湖南省,43,湘潭市,03,市辖区,01
湖南省,43,湘潭市,03,雨湖区,02
湖南省,43,湘潭市,03,岳塘区,04
湖南省,43,湘潭市,03,湘潭县,21
湖南省,43,湘潭市,03,湘乡市,81
湖南省,43,湘潭市,03,韶山市,82
湖南省,43,衡阳市,04,市辖区,01
湖南省,43,衡阳市,04,珠晖区,05
湖南省,43,衡阳市,04,雁峰区,06
湖南省,43,衡阳市,04,石鼓区,07
湖南省,43,衡阳市,04,蒸湘区,08
湖南省,43,衡阳市,04,南岳区,12
湖南省,43,衡阳市,04,衡阳县,21
湖南省,43,衡阳市,04,衡南县,22
湖南省,43,衡阳市,04,衡山县,23
湖南省,43,衡阳市,04,衡东县,24
湖南省,43,衡阳市,04,祁东县,26
湖南省,43,衡阳市,04,耒阳市,81
湖南省,43,衡阳市,04,常宁市,82
湖南省,43,邵阳市,05,市辖区,01
湖南省,43,邵阳市,05,双清区,02
湖南省,43,邵阳市,05,大祥区,03
湖南省,43,邵阳市,05,北塔区,11
湖南省,43,邵阳市,05,邵东县,21
湖南省,43,邵阳市,05,新邵县,22
湖南省,43,邵阳市,05,邵阳县,23
湖南省,43,邵阳市,05,隆回县,24
湖南省,43,邵阳市,05,洞口县,25
湖南省,43,邵阳市,05,绥宁县,27
湖南省,43,邵阳市,05,新宁县,28
湖南省,43,邵阳市,05,城步苗族自治县,29
湖南省,43,邵阳市,05,武冈市,81
湖南省,43,岳阳市,06,市辖区,01
湖南省,43,岳阳市,06,岳阳楼区,02
湖南省,43,岳阳市,06,云溪区,03
湖南省,43,岳阳市,06,君山区,11
湖南省,43,岳阳市,06,岳阳县,21
湖南省,43,岳阳市,06,华容县,23
湖南省,43,岳阳市,06,湘阴县,24
湖南省,43,岳阳市,06,平江县,26
湖南省,43,岳阳市,06,汨罗市,81
湖南省,43,岳阳市,06,临湘市,82
湖南省,43,常德市,07,市辖区,01
湖南省,43,常德市,07,武陵区,02
湖南省,43,常德市,07,鼎城区,03
湖南省,43,常德市,07,安乡县,21
湖南省,43,常德市,07,汉寿县,22
湖南省,43,常德市,07,澧县,23
湖南省,43,常德市,07,临澧县,24
湖南省,43,常德市,07,桃源县,25
湖南省,43,常德市,07,石门县,26
湖南省,43,常德市,07,津市市,81
湖南省,43,张家界市,08,市辖区,01
湖南省,43,张家界市,08,永定区,02
湖南省,43,张家界市,08,武陵源区,11
湖南省,43,张家界市,08,慈利县,21
湖南省,43,张家界市,08,桑植县,22
湖南省,43,益阳市,09,市辖区,01
湖南省,43,益阳市,09,资阳区,02
湖南省,43,益阳市,09,赫山区,03
湖南省,43,益阳市,09,南县,21
湖南省,43,益阳市,09,桃江县,22
湖南省,43,益阳市,09,安化县,23
湖南省,43,益阳市,09,沅江市,81
湖南省,43,郴州市,10,市辖区,01
湖南省,43,郴州市,10,北湖区,02
湖南省,43,郴州市,10,苏仙区,03
湖南省,43,郴州市,10,桂阳县,21
湖南省,43,郴州市,10,宜章县,22
湖南省,43,郴州市,10,永兴县,23
湖南省,43,郴州市,10,嘉禾县,24
湖南省,43,郴州市,10,临武县,25
湖南省,43,郴州市,10,汝城县,26
湖南省,43,郴州市,10,桂东县,27
湖南省,43,郴州市,10,安仁县,28
湖南省,43,郴州市,10,资兴市,81
湖南省,43,永州市,11,市辖区,01
湖南省,43,永州市,11,芝山区,02
湖南省,43,永州市,11,冷水滩区,03
湖南省,43,永州市,11,祁阳县,21
湖南省,43,永州市,11,东安县,22
湖南省,43,永州市,11,双牌县,23
湖南省,43,永州市,11,道县,24
湖南省,43,永州市,11,江永县,25
湖南省,43,永州市,11,宁远县,26
湖南省,43,永州市,11,蓝山县,27
湖南省,43,永州市,11,新田县,28
湖南省,43,永州市,11,江华瑶族自治县,29
湖南省,43,怀化市,12,市辖区,01
湖南省,43,怀化市,12,鹤城区,02
湖南省,43,怀化市,12,中方县,21
湖南省,43,怀化市,12,沅陵县,22
湖南省,43,怀化市,12,辰溪县,23
湖南省,43,怀化市,12,溆浦县,24
湖南省,43,怀化市,12,会同县,25
湖南省,43,怀化市,12,麻阳苗族自治县,26
湖南省,43,怀化市,12,新晃侗族自治县,27
湖南省,43,怀化市,12,芷江侗族自治县,28
湖南省,43,怀化市,12,靖州苗族侗族自治县,29
湖南省,43,怀化市,12,通道侗族自治县,30
湖南省,43,怀化市,12,洪江市,81
湖南省,43,娄底市,13,市辖区,01
湖南省,43,娄底市,13,娄星区,02
湖南省,43,娄底市,13,双峰县,21
湖南省,43,娄底市,13,新化县,22
湖南省,43,娄底市,13,冷水江市,81
湖南省,43,娄底市,13,涟源市,82
湖南省,43,湘西土家族苗族自治州,31,吉首市,01
湖南省,43,湘西土家族苗族自治州,31,泸溪县,22
湖南省,43,湘西土家族苗族自治州,31,凤凰县,23
湖南省,43,湘西土家族苗族自治州,31,花垣县,24
湖南省,43,湘西土家族苗族自治州,31,保靖县,25
湖南省,43,湘西土家族苗族自治州,31,古丈县,26
湖南省,43,湘西土家族苗族自治州,31,永顺县,27
湖南省,43,湘西土家族苗族自治州,31,龙山县,30
广东省,44,广州市,01,市辖区,01
广东省,44,广州市,01,东山区,02
广东省,44,广州市,01,荔湾区,03
广东省,44,广州市,01,越秀区,04
广东省,44,广州市,01,海珠区,05
广东省,44,广州市,01,天河区,06
广东省,44,广州市,01,芳村区,07
广东省,44,广州市,01,白云区,11
广东省,44,广州市,01,黄埔区,12
广东省,44,广州市,01,番禺区,13
广东省,44,广州市,01,花都区,14
广东省,44,广州市,01,增城市,83
广东省,44,广州市,01,从化市,84
广东省,44,韶关市,02,市辖区,01
广东省,44,韶关市,02,武江区,02
广东省,44,韶关市,02,浈江区,03
广东省,44,韶关市,02,曲江区,04
广东省,44,韶关市,02,始兴县,22
广东省,44,韶关市,02,仁化县,24
广东省,44,韶关市,02,翁源县,29
广东省,44,韶关市,02,乳源瑶族自治县,32
广东省,44,韶关市,02,新丰县,33
广东省,44,韶关市,02,乐昌市,81
广东省,44,韶关市,02,南雄市,82
广东省,44,深圳市,03,市辖区,01
广东省,44,深圳市,03,罗湖区,03
广东省,44,深圳市,03,福田区,04
广东省,44,深圳市,03,南山区,05
广东省,44,深圳市,03,宝安区,06
广东省,44,深圳市,03,龙岗区,07
广东省,44,深圳市,03,盐田区,08
广东省,44,深圳市,03,光明新区,16
广东省,44,深圳市,03,坪山新区,17
广东省,44,深圳市,03,龙华新区,26
广东省,44,深圳市,03,大鹏新区,27
广东省,44,珠海市,04,市辖区,01
广东省,44,珠海市,04,香洲区,02
广东省,44,珠海市,04,斗门区,03
广东省,44,珠海市,04,金湾区,04
广东省,44,汕头市,05,市辖区,01
广东省,44,汕头市,05,龙湖区,07
广东省,44,汕头市,05,金平区,11
广东省,44,汕头市,05,濠江区,12
广东省,44,汕头市,05,潮阳区,13
广东省,44,汕头市,05,潮南区,14
广东省,44,汕头市,05,澄海区,15
广东省,44,汕头市,05,南澳县,23
广东省,44,佛山市,06,市辖区,01
广东省,44,佛山市,06,禅城区,04
广东省,44,佛山市,06,南海区,05
广东省,44,佛山市,06,顺德区,06
广东省,44,佛山市,06,三水区,07
广东省,44,佛山市,06,高明区,08
广东省,44,江门市,07,市辖区,01
广东省,44,江门市,07,蓬江区,03
广东省,44,江门市,07,江海区,04
广东省,44,江门市,07,新会区,05
广东省,44,江门市,07,台山市,81
广东省,44,江门市,07,开平市,83
广东省,44,江门市,07,鹤山市,84
广东省,44,江门市,07,恩平市,85
广东省,44,湛江市,08,市辖区,01
广东省,44,湛江市,08,赤坎区,02
广东省,44,湛江市,08,霞山区,03
广东省,44,湛江市,08,坡头区,04
广东省,44,湛江市,08,麻章区,11
广东省,44,湛江市,08,遂溪县,23
广东省,44,湛江市,08,徐闻县,25
广东省,44,湛江市,08,廉江市,81
广东省,44,湛江市,08,雷州市,82
广东省,44,湛江市,08,吴川市,83
广东省,44,茂名市,09,市辖区,01
广东省,44,茂名市,09,茂南区,02
广东省,44,茂名市,09,茂港区,03
广东省,44,茂名市,09,电白县,23
广东省,44,茂名市,09,高州市,81
广东省,44,茂名市,09,化州市,82
广东省,44,茂名市,09,信宜市,83
广东省,44,肇庆市,12,市辖区,01
广东省,44,肇庆市,12,端州区,02
广东省,44,肇庆市,12,鼎湖区,03
广东省,44,肇庆市,12,广宁县,23
广东省,44,肇庆市,12,怀集县,24
广东省,44,肇庆市,12,封开县,25
广东省,44,肇庆市,12,德庆县,26
广东省,44,肇庆市,12,高要市,83
广东省,44,肇庆市,12,四会市,84
广东省,44,惠州市,13,市辖区,01
广东省,44,惠州市,13,惠城区,02
广东省,44,惠州市,13,惠阳区,03
广东省,44,惠州市,13,博罗县,22
广东省,44,惠州市,13,惠东县,23
广东省,44,惠州市,13,龙门县,24
广东省,44,梅州市,14,市辖区,01
广东省,44,梅州市,14,梅江区,02
广东省,44,梅州市,14,梅县,21
广东省,44,梅州市,14,大埔县,22
广东省,44,梅州市,14,丰顺县,23
广东省,44,梅州市,14,五华县,24
广东省,44,梅州市,14,平远县,26
广东省,44,梅州市,14,蕉岭县,27
广东省,44,梅州市,14,兴宁市,81
广东省,44,汕尾市,15,市辖区,01
广东省,44,汕尾市,15,城区,02
广东省,44,汕尾市,15,海丰县,21
广东省,44,汕尾市,15,陆河县,23
广东省,44,汕尾市,15,陆丰市,81
广东省,44,河源市,16,市辖区,01
广东省,44,河源市,16,源城区,02
广东省,44,河源市,16,紫金县,21
广东省,44,河源市,16,龙川县,22
广东省,44,河源市,16,连平县,23
广东省,44,河源市,16,和平县,24
广东省,44,河源市,16,东源县,25
广东省,44,阳江市,17,市辖区,01
广东省,44,阳江市,17,江城区,02
广东省,44,阳江市,17,阳西县,21
广东省,44,阳江市,17,阳东县,23
广东省,44,阳江市,17,阳春市,81
广东省,44,清远市,18,市辖区,01
广东省,44,清远市,18,清城区,02
广东省,44,清远市,18,佛冈县,21
广东省,44,清远市,18,阳山县,23
广东省,44,清远市,18,连山壮族瑶族自治县,25
广东省,44,清远市,18,连南瑶族自治县,26
广东省,44,清远市,18,清新县,27
广东省,44,清远市,18,英德市,81
广东省,44,清远市,18,连州市,82
广东省,44,东莞市,19,石碣,01
广东省,44,东莞市,19,石龙,02
广东省,44,东莞市,19,茶山,03
广东省,44,东莞市,19,石排,04
广东省,44,东莞市,19,企石,05
广东省,44,东莞市,19,横沥,06
广东省,44,东莞市,19,桥头,07
广东省,44,东莞市,19,谢岗,08
广东省,44,东莞市,19,东坑,09
广东省,44,东莞市,19,常平,10
广东省,44,东莞市,19,寮步,11
广东省,44,东莞市,19,大朗,12
广东省,44,东莞市,19,黄江,13
广东省,44,东莞市,19,清溪,14
广东省,44,东莞市,19,塘厦,15
广东省,44,东莞市,19,凤岗,16
广东省,44,东莞市,19,长安,17
广东省,44,东莞市,19,虎门,18
广东省,44,东莞市,19,厚街,19
广东省,44,东莞市,19,沙田,20
广东省,44,东莞市,19,道滘,21
广东省,44,东莞市,19,洪梅,22
广东省,44,东莞市,19,麻涌,23
广东省,44,东莞市,19,中堂,24
广东省,44,东莞市,19,高埗,25
广东省,44,东莞市,19,樟木头,26
广东省,44,东莞市,19,大岭山,27
广东省,44,东莞市,19,望牛墩,28
广东省,44,东莞市,19,东城区,29
广东省,44,东莞市,19,南城区,30
广东省,44,东莞市,19,万江区,31
广东省,44,东莞市,19,莞城区,32
广东省,44,中山市,20,石岐区,01
广东省,44,中山市,20,东区,02
广东省,44,中山市,20,西区,03
广东省,44,中山市,20,南区,04
广东省,44,中山市,20,火炬区,05
广东省,44,中山市,20,五桂山区,06
广东省,44,潮州市,51,市辖区,01
广东省,44,潮州市,51,湘桥区,02
广东省,44,潮州市,51,潮安县,21
广东省,44,潮州市,51,饶平县,22
广东省,44,揭阳市,52,市辖区,01
广东省,44,揭阳市,52,榕城区,2
广东省,44,揭阳市,52,揭东县,21
广东省,44,揭阳市,52,揭西县,22
广东省,44,揭阳市,52,惠来县,24
广东省,44,揭阳市,52,普宁市,81
广东省,44,云浮市,53,市辖区,01
广东省,44,云浮市,53,云城区,02
广东省,44,云浮市,53,新兴县,21
广东省,44,云浮市,53,郁南县,22
广东省,44,云浮市,53,云安县,23
广东省,44,云浮市,53,罗定市,81
广东省,44,外省市,99,外省区,99
广西壮族自治区,45,南宁市,01,市辖区,01
广西壮族自治区,45,南宁市,01,兴宁区,02
广西壮族自治区,45,南宁市,01,青秀区,03
广西壮族自治区,45,南宁市,01,江南区,05
广西壮族自治区,45,南宁市,01,西乡塘区,07
广西壮族自治区,45,南宁市,01,良庆区,08
广西壮族自治区,45,南宁市,01,邕宁区,09
广西壮族自治区,45,南宁市,01,武鸣县,22
广西壮族自治区,45,南宁市,01,隆安县,23
广西壮族自治区,45,南宁市,01,马山县,24
广西壮族自治区,45,南宁市,01,上林县,25
广西壮族自治区,45,南宁市,01,宾阳县,26
广西壮族自治区,45,南宁市,01,横县,27
广西壮族自治区,45,柳州市,02,市辖区,01
广西壮族自治区,45,柳州市,02,城中区,02
广西壮族自治区,45,柳州市,02,鱼峰区,03
广西壮族自治区,45,柳州市,02,柳南区,04
广西壮族自治区,45,柳州市,02,柳北区,05
广西壮族自治区,45,柳州市,02,柳江县,21
广西壮族自治区,45,柳州市,02,柳城县,22
广西壮族自治区,45,柳州市,02,鹿寨县,23
广西壮族自治区,45,柳州市,02,融安县,24
广西壮族自治区,45,柳州市,02,融水苗族自治县,25
广西壮族自治区,45,柳州市,02,三江侗族自治县,26
广西壮族自治区,45,桂林市,03,市辖区,01
广西壮族自治区,45,桂林市,03,秀峰区,02
广西壮族自治区,45,桂林市,03,叠彩区,03
广西壮族自治区,45,桂林市,03,象山区,04
广西壮族自治区,45,桂林市,03,七星区,05
广西壮族自治区,45,桂林市,03,雁山区,11
广西壮族自治区,45,桂林市,03,阳朔县,21
广西壮族自治区,45,桂林市,03,临桂县,22
广西壮族自治区,45,桂林市,03,灵川县,23
广西壮族自治区,45,桂林市,03,全州县,24
广西壮族自治区,45,桂林市,03,兴安县,25
广西壮族自治区,45,桂林市,03,永福县,26
广西壮族自治区,45,桂林市,03,灌阳县,27
广西壮族自治区,45,桂林市,03,龙胜各族自治县,28
广西壮族自治区,45,桂林市,03,资源县,29
广西壮族自治区,45,桂林市,03,平乐县,30
广西壮族自治区,45,桂林市,03,荔蒲县,31
广西壮族自治区,45,桂林市,03,恭城瑶族自治县,32
广西壮族自治区,45,梧州市,04,市辖区,01
广西壮族自治区,45,梧州市,04,万秀区,03
广西壮族自治区,45,梧州市,04,蝶山区,04
广西壮族自治区,45,梧州市,04,长洲区,05
广西壮族自治区,45,梧州市,04,苍梧县,21
广西壮族自治区,45,梧州市,04,藤县,22
广西壮族自治区,45,梧州市,04,蒙山县,23
广西壮族自治区,45,梧州市,04,岑溪市,81
广西壮族自治区,45,北海市,05,市辖区,01
广西壮族自治区,45,北海市,05,海城区,02
广西壮族自治区,45,北海市,05,银海区,03
广西壮族自治区,45,北海市,05,铁山港区,12
广西壮族自治区,45,北海市,05,合浦县,21
广西壮族自治区,45,防城港市,06,市辖区,01
广西壮族自治区,45,防城港市,06,港口区,02
广西壮族自治区,45,防城港市,06,防城区,03
广西壮族自治区,45,防城港市,06,上思县,21
广西壮族自治区,45,防城港市,06,东兴市,81
广西壮族自治区,45,钦州市,07,市辖区,01
广西壮族自治区,45,钦州市,07,钦南区,02
广西壮族自治区,45,钦州市,07,钦北区,03
广西壮族自治区,45,钦州市,07,灵山县,21
广西壮族自治区,45,钦州市,07,浦北县,22
广西壮族自治区,45,贵港市,08,市辖区,01
广西壮族自治区,45,贵港市,08,港北区,02
广西壮族自治区,45,贵港市,08,港南区,03
广西壮族自治区,45,贵港市,08,覃塘区,04
广西壮族自治区,45,贵港市,08,平南县,21
广西壮族自治区,45,贵港市,08,桂平市,81
广西壮族自治区,45,玉林市,09,市辖区,01
广西壮族自治区,45,玉林市,09,玉州区,02
广西壮族自治区,45,玉林市,09,容县,21
广西壮族自治区,45,玉林市,09,陆川县,22
广西壮族自治区,45,玉林市,09,博白县,23
广西壮族自治区,45,玉林市,09,兴业县,24
广西壮族自治区,45,玉林市,09,北流市,81
广西壮族自治区,45,百色市,10,市辖区,01
广西壮族自治区,45,百色市,10,右江区,02
广西壮族自治区,45,百色市,10,田阳县,21
广西壮族自治区,45,百色市,10,田东县,22
广西壮族自治区,45,百色市,10,平果县,23
广西壮族自治区,45,百色市,10,德保县,24
广西壮族自治区,45,百色市,10,靖西县,25
广西壮族自治区,45,百色市,10,那坡县,26
广西壮族自治区,45,百色市,10,凌云县,27
广西壮族自治区,45,百色市,10,乐业县,28
广西壮族自治区,45,百色市,10,田林县,29
广西壮族自治区,45,百色市,10,西林县,30
广西壮族自治区,45,百色市,10,隆林各族自治县,31
广西壮族自治区,45,贺州市,11,市辖区,01
广西壮族自治区,45,贺州市,11,八步区,02
广西壮族自治区,45,贺州市,11,昭平县,21
广西壮族自治区,45,贺州市,11,钟山县,22
广西壮族自治区,45,贺州市,11,富川瑶族自治县,23
广西壮族自治区,45,河池市,12,市辖区,01
广西壮族自治区,45,河池市,12,金城江区,02
广西壮族自治区,45,河池市,12,南丹县,21
广西壮族自治区,45,河池市,12,天峨县,22
广西壮族自治区,45,河池市,12,凤山县,23
广西壮族自治区,45,河池市,12,东兰县,24
广西壮族自治区,45,河池市,12,罗城仫佬族自治县,25
广西壮族自治区,45,河池市,12,环江毛南族自治县,26
广西壮族自治区,45,河池市,12,巴马瑶族自治县,27
广西壮族自治区,45,河池市,12,都安瑶族自治县,28
广西壮族自治区,45,河池市,12,大化瑶族自治县,29
广西壮族自治区,45,河池市,12,宜州市,81
广西壮族自治区,45,来宾市,13,市辖区,01
广西壮族自治区,45,来宾市,13,兴宾区,02
广西壮族自治区,45,来宾市,13,忻城县,21
广西壮族自治区,45,来宾市,13,象州县,22
广西壮族自治区,45,来宾市,13,武宣县,23
广西壮族自治区,45,来宾市,13,金秀瑶族自治县,24
广西壮族自治区,45,来宾市,13,合山市,81
广西壮族自治区,45,崇左市,14,市辖区,01
广西壮族自治区,45,崇左市,14,江洲区,02
广西壮族自治区,45,崇左市,14,扶绥县,21
广西壮族自治区,45,崇左市,14,宁明县,22
广西壮族自治区,45,崇左市,14,龙州县,23
广西壮族自治区,45,崇左市,14,大新县,24
广西壮族自治区,45,崇左市,14,天等县,25
广西壮族自治区,45,崇左市,14,凭祥市,81
海南省,46,海口市,01,市辖区,01
海南省,46,海口市,01,秀英区,05
海南省,46,海口市,01,龙华区,06
海南省,46,海口市,01,琼山区,07
海南省,46,海口市,01,美兰区,08
海南省,46,三亚市,02,市辖区,01
海南省,46,省直辖县级行政单位,90,五指山市,01
海南省,46,省直辖县级行政单位,90,琼海市,02
海南省,46,省直辖县级行政单位,90,儋州市,03
海南省,46,省直辖县级行政单位,90,文昌市,05
海南省,46,省直辖县级行政单位,90,万宁市,06
海南省,46,省直辖县级行政单位,90,东方市,07
海南省,46,省直辖县级行政单位,90,定安县,25
海南省,46,省直辖县级行政单位,90,屯昌县,26
海南省,46,省直辖县级行政单位,90,澄迈县,27
海南省,46,省直辖县级行政单位,90,临高县,28
海南省,46,省直辖县级行政单位,90,白沙黎族自治县,30
海南省,46,省直辖县级行政单位,90,昌江黎族自治县,31
海南省,46,省直辖县级行政单位,90,乐东黎族自治县,33
海南省,46,省直辖县级行政单位,90,陵水黎族自治县,34
海南省,46,省直辖县级行政单位,90,保亭黎族苗族自治县,35
海南省,46,省直辖县级行政单位,90,琼中黎族苗族自治县,36
海南省,46,省直辖县级行政单位,90,西沙群岛,37
海南省,46,省直辖县级行政单位,90,南沙群岛,38
海南省,46,省直辖县级行政单位,90,中沙群岛的岛礁及其海,39
重庆市,50,市辖区,01,万州区,01
重庆市,50,市辖区,01,涪陵区,02
重庆市,50,市辖区,01,渝中区,03
重庆市,50,市辖区,01,大渡口区,04
重庆市,50,市辖区,01,江北区,05
重庆市,50,市辖区,01,沙坪坝区,06
重庆市,50,市辖区,01,九龙坡区,07
重庆市,50,市辖区,01,南岸区,08
重庆市,50,市辖区,01,北碚区,09
重庆市,50,市辖区,01,万盛区,10
重庆市,50,市辖区,01,双桥区,11
重庆市,50,市辖区,01,渝北区,12
重庆市,50,市辖区,01,巴南区,13
重庆市,50,市辖区,01,黔江区,14
重庆市,50,市辖区,01,长寿区,15
重庆市,50,县,02,綦江县,22
重庆市,50,县,02,潼南县,23
重庆市,50,县,02,铜梁县,24
重庆市,50,县,02,大足县,25
重庆市,50,县,02,荣昌县,26
重庆市,50,县,02,璧山县,27
重庆市,50,县,02,梁平县,28
重庆市,50,县,02,城口县,29
重庆市,50,县,02,丰都县,30
重庆市,50,县,02,垫江县,31
重庆市,50,县,02,武隆县,32
重庆市,50,县,02,忠县,33
重庆市,50,县,02,开县,34
重庆市,50,县,02,云阳县,35
重庆市,50,县,02,奉节县,36
重庆市,50,县,02,巫山县,37
重庆市,50,县,02,巫溪县,38
重庆市,50,县,02,石柱土家族自治县,40
重庆市,50,县,02,秀山土家族苗族自治县,41
重庆市,50,县,02,酉阳土家族苗族自治县,42
重庆市,50,县,02,彭水苗族土家族自治县,43
重庆市,50,市,03,江津市,81
重庆市,50,市,03,合川市,82
重庆市,50,市,03,永川市,83
重庆市,50,市,03,南川市,84
四川省,51,成都市,01,市辖区,01
四川省,51,成都市,01,锦江区,04
四川省,51,成都市,01,青羊区,05
四川省,51,成都市,01,金牛区,06
四川省,51,成都市,01,武侯区,07
四川省,51,成都市,01,成华区,08
四川省,51,成都市,01,龙泉驿区,12
四川省,51,成都市,01,青白江区,13
四川省,51,成都市,01,新都区,14
四川省,51,成都市,01,温江区,15
四川省,51,成都市,01,金堂县,21
四川省,51,成都市,01,双流县,22
四川省,51,成都市,01,郫县,24
四川省,51,成都市,01,大邑县,29
四川省,51,成都市,01,蒲江县,31
四川省,51,成都市,01,新津县,32
四川省,51,成都市,01,都江堰市,81
四川省,51,成都市,01,彭州市,82
四川省,51,成都市,01,邛崃市,83
四川省,51,成都市,01,崇州市,84
四川省,51,自贡市,03,市辖区,01
四川省,51,自贡市,03,自流井区,02
四川省,51,自贡市,03,贡井区,03
四川省,51,自贡市,03,大安区,04
四川省,51,自贡市,03,沿滩区,11
四川省,51,自贡市,03,荣县,21
四川省,51,自贡市,03,富顺县,22
四川省,51,攀枝花市,04,市辖区,01
四川省,51,攀枝花市,04,东区,02
四川省,51,攀枝花市,04,西区,03
四川省,51,攀枝花市,04,仁和区,11
四川省,51,攀枝花市,04,米易县,21
四川省,51,攀枝花市,04,盐边县,22
四川省,51,泸州市,05,市辖区,01
四川省,51,泸州市,05,江阳区,02
四川省,51,泸州市,05,纳溪区,03
四川省,51,泸州市,05,龙马潭区,04
四川省,51,泸州市,05,泸县,21
四川省,51,泸州市,05,合江县,22
四川省,51,泸州市,05,叙永县,24
四川省,51,泸州市,05,古蔺县,25
四川省,51,德阳市,06,市辖区,01
四川省,51,德阳市,06,旌阳区,03
四川省,51,德阳市,06,中江县,23
四川省,51,德阳市,06,罗江县,26
四川省,51,德阳市,06,广汉市,81
四川省,51,德阳市,06,什邡市,82
四川省,51,德阳市,06,绵竹市,83
四川省,51,绵阳市,07,市辖区,01
四川省,51,绵阳市,07,涪城区,03
四川省,51,绵阳市,07,游仙区,04
四川省,51,绵阳市,07,三台县,22
四川省,51,绵阳市,07,盐亭县,23
四川省,51,绵阳市,07,安县,24
四川省,51,绵阳市,07,梓潼县,25
四川省,51,绵阳市,07,北川羌族自治县,26
四川省,51,绵阳市,07,平武县,27
四川省,51,绵阳市,07,江油市,81
四川省,51,广元市,08,市辖区,01
四川省,51,广元市,08,市中区,02
四川省,51,广元市,08,元坝区,11
四川省,51,广元市,08,朝天区,12
四川省,51,广元市,08,旺苍县,21
四川省,51,广元市,08,青川县,22
四川省,51,广元市,08,剑阁县,23
四川省,51,广元市,08,苍溪县,24
四川省,51,遂宁市,09,市辖区,01
四川省,51,遂宁市,09,船山区,03
四川省,51,遂宁市,09,安居区,04
四川省,51,遂宁市,09,蓬溪县,21
四川省,51,遂宁市,09,射洪县,22
四川省,51,遂宁市,09,大英县,23
四川省,51,内江市,10,市辖区,01
四川省,51,内江市,10,市中区,02
四川省,51,内江市,10,东兴区,11
四川省,51,内江市,10,威远县,24
四川省,51,内江市,10,资中县,25
四川省,51,内江市,10,隆昌县,28
四川省,51,乐山市,11,市辖区,01
四川省,51,乐山市,11,市中区,02
四川省,51,乐山市,11,沙湾区,11
四川省,51,乐山市,11,五通桥区,12
四川省,51,乐山市,11,金口河区,13
四川省,51,乐山市,11,犍为县,23
四川省,51,乐山市,11,井研县,24
四川省,51,乐山市,11,夹江县,26
四川省,51,乐山市,11,沐川县,29
四川省,51,乐山市,11,峨边彝族自治县,32
四川省,51,乐山市,11,马边彝族自治县,33
四川省,51,乐山市,11,峨眉山市,81
四川省,51,南充市,13,市辖区,01
四川省,51,南充市,13,顺庆区,02
四川省,51,南充市,13,高坪区,03
四川省,51,南充市,13,嘉陵区,04
四川省,51,南充市,13,南部县,21
四川省,51,南充市,13,营山县,22
四川省,51,南充市,13,蓬安县,23
四川省,51,南充市,13,仪陇县,24
四川省,51,南充市,13,西充县,25
四川省,51,南充市,13,阆中市,81
四川省,51,眉山市,14,市辖区,01
四川省,51,眉山市,14,东坡区,02
四川省,51,眉山市,14,仁寿县,21
四川省,51,眉山市,14,彭山县,22
四川省,51,眉山市,14,洪雅县,23
四川省,51,眉山市,14,丹棱县,24
四川省,51,眉山市,14,青神县,25
四川省,51,宜宾市,15,市辖区,01
四川省,51,宜宾市,15,翠屏区,02
四川省,51,宜宾市,15,宜宾县,21
四川省,51,宜宾市,15,南溪县,22
四川省,51,宜宾市,15,江安县,23
四川省,51,宜宾市,15,长宁县,24
四川省,51,宜宾市,15,高县,25
四川省,51,宜宾市,15,珙县,26
四川省,51,宜宾市,15,筠连县,27
四川省,51,宜宾市,15,兴文县,28
四川省,51,宜宾市,15,屏山县,29
四川省,51,广安市,16,市辖区,01
四川省,51,广安市,16,广安区,02
四川省,51,广安市,16,岳池县,21
四川省,51,广安市,16,武胜县,22
四川省,51,广安市,16,邻水县,23
四川省,51,广安市,16,华蓥市,81
四川省,51,达州市,17,市辖区,01
四川省,51,达州市,17,通川区,02
四川省,51,达州市,17,达县,21
四川省,51,达州市,17,宣汉县,22
四川省,51,达州市,17,开江县,23
四川省,51,达州市,17,大竹县,24
四川省,51,达州市,17,渠县,25
四川省,51,达州市,17,万源市,81
四川省,51,雅安市,18,市辖区,01
四川省,51,雅安市,18,雨城区,02
四川省,51,雅安市,18,名山县,21
四川省,51,雅安市,18,荥经县,22
四川省,51,雅安市,18,汉源县,23
四川省,51,雅安市,18,石棉县,24
四川省,51,雅安市,18,天全县,25
四川省,51,雅安市,18,芦山县,26
四川省,51,雅安市,18,宝兴县,27
四川省,51,巴中市,19,市辖区,01
四川省,51,巴中市,19,巴州区,02
四川省,51,巴中市,19,通江县,21
四川省,51,巴中市,19,南江县,22
四川省,51,巴中市,19,平昌县,23
四川省,51,资阳市,20,市辖区,01
四川省,51,资阳市,20,雁江区,02
四川省,51,资阳市,20,安岳县,21
四川省,51,资阳市,20,乐至县,22
四川省,51,资阳市,20,简阳市,81
四川省,51,阿坝藏族羌族自治州,32,汶川县,21
四川省,51,阿坝藏族羌族自治州,32,理县,22
四川省,51,阿坝藏族羌族自治州,32,茂县,23
四川省,51,阿坝藏族羌族自治州,32,松潘县,24
四川省,51,阿坝藏族羌族自治州,32,九寨沟县,25
四川省,51,阿坝藏族羌族自治州,32,金川县,26
四川省,51,阿坝藏族羌族自治州,32,小金县,27
四川省,51,阿坝藏族羌族自治州,32,黑水县,28
四川省,51,阿坝藏族羌族自治州,32,马尔康县,29
四川省,51,阿坝藏族羌族自治州,32,壤塘县,30
四川省,51,阿坝藏族羌族自治州,32,阿坝县,31
四川省,51,阿坝藏族羌族自治州,32,若尔盖县,32
四川省,51,阿坝藏族羌族自治州,32,红原县,33
四川省,51,甘孜藏族自治州,33,康定县,21
四川省,51,甘孜藏族自治州,33,泸定县,22
四川省,51,甘孜藏族自治州,33,丹巴县,23
四川省,51,甘孜藏族自治州,33,九龙县,24
四川省,51,甘孜藏族自治州,33,雅江县,25
四川省,51,甘孜藏族自治州,33,道孚县,26
四川省,51,甘孜藏族自治州,33,炉霍县,27
四川省,51,甘孜藏族自治州,33,甘孜县,28
四川省,51,甘孜藏族自治州,33,新龙县,29
四川省,51,甘孜藏族自治州,33,德格县,30
四川省,51,甘孜藏族自治州,33,白玉县,31
四川省,51,甘孜藏族自治州,33,石渠县,32
四川省,51,甘孜藏族自治州,33,色达县,33
四川省,51,甘孜藏族自治州,33,理塘县,34
四川省,51,甘孜藏族自治州,33,巴塘县,35
四川省,51,甘孜藏族自治州,33,乡城县,36
四川省,51,甘孜藏族自治州,33,稻城县,37
四川省,51,甘孜藏族自治州,33,得荣县,38
四川省,51,凉山彝族自治州,34,西昌市,01
四川省,51,凉山彝族自治州,34,木里藏族自治县,22
四川省,51,凉山彝族自治州,34,盐源县,23
四川省,51,凉山彝族自治州,34,德昌县,24
四川省,51,凉山彝族自治州,34,会理县,25
四川省,51,凉山彝族自治州,34,会东县,26
四川省,51,凉山彝族自治州,34,宁南县,27
四川省,51,凉山彝族自治州,34,普格县,28
四川省,51,凉山彝族自治州,34,布拖县,29
四川省,51,凉山彝族自治州,34,金阳县,30
四川省,51,凉山彝族自治州,34,昭觉县,31
四川省,51,凉山彝族自治州,34,喜德县,32
四川省,51,凉山彝族自治州,34,冕宁县,33
四川省,51,凉山彝族自治州,34,越西县,34
四川省,51,凉山彝族自治州,34,甘洛县,35
四川省,51,凉山彝族自治州,34,美姑县,36
四川省,51,凉山彝族自治州,34,雷波县,37
贵州省,52,贵阳市,01,市辖区,01
贵州省,52,贵阳市,01,南明区,02
贵州省,52,贵阳市,01,云岩区,03
贵州省,52,贵阳市,01,花溪区,11
贵州省,52,贵阳市,01,乌当区,12
贵州省,52,贵阳市,01,白云区,13
贵州省,52,贵阳市,01,小河区,14
贵州省,52,贵阳市,01,开阳县,21
贵州省,52,贵阳市,01,息烽县,22
贵州省,52,贵阳市,01,修文县,23
贵州省,52,贵阳市,01,清镇市,81
贵州省,52,六盘水市,02,钟山区,01
贵州省,52,六盘水市,02,六枝特区,03
贵州省,52,六盘水市,02,水城县,21
贵州省,52,六盘水市,02,盘县,22
贵州省,52,遵义市,03,市辖区,01
贵州省,52,遵义市,03,红花岗区,02
贵州省,52,遵义市,03,汇川区,03
贵州省,52,遵义市,03,遵义县,21
贵州省,52,遵义市,03,桐梓县,22
贵州省,52,遵义市,03,绥阳县,23
贵州省,52,遵义市,03,正安县,24
贵州省,52,遵义市,03,道真仡佬族苗族自治县,25
贵州省,52,遵义市,03,务川仡佬族苗族自治县,26
贵州省,52,遵义市,03,凤冈县,27
贵州省,52,遵义市,03,湄潭县,28
贵州省,52,遵义市,03,余庆县,29
贵州省,52,遵义市,03,习水县,30
贵州省,52,遵义市,03,赤水市,81
贵州省,52,遵义市,03,仁怀市,82
贵州省,52,安顺市,04,市辖区,01
贵州省,52,安顺市,04,西秀区,02
贵州省,52,安顺市,04,平坝县,21
贵州省,52,安顺市,04,普定县,22
贵州省,52,安顺市,04,镇宁布依族苗族自治县,23
贵州省,52,安顺市,04,关岭布依族苗族自治县,24
贵州省,52,安顺市,04,紫云苗族布依族自治县,25
贵州省,52,铜仁地区,22,铜仁市,01
贵州省,52,铜仁地区,22,江口县,22
贵州省,52,铜仁地区,22,玉屏侗族自治县,23
贵州省,52,铜仁地区,22,石阡县,24
贵州省,52,铜仁地区,22,思南县,25
贵州省,52,铜仁地区,22,印江土家族苗族自治县,26
贵州省,52,铜仁地区,22,德江县,27
贵州省,52,铜仁地区,22,沿河土家族自治县,28
贵州省,52,铜仁地区,22,松桃苗族自治县,29
贵州省,52,铜仁地区,22,万山特区,30
贵州省,52,黔西南布依族苗族自治,23,兴义市,01
贵州省,52,黔西南布依族苗族自治,23,兴仁县,22
贵州省,52,黔西南布依族苗族自治,23,普安县,23
贵州省,52,黔西南布依族苗族自治,23,晴隆县,24
贵州省,52,黔西南布依族苗族自治,23,贞丰县,25
贵州省,52,黔西南布依族苗族自治,23,望谟县,26
贵州省,52,黔西南布依族苗族自治,23,册亨县,27
贵州省,52,黔西南布依族苗族自治,23,安龙县,28
贵州省,52,毕节地区,24,毕节市,01
贵州省,52,毕节地区,24,大方县,22
贵州省,52,毕节地区,24,黔西县,23
贵州省,52,毕节地区,24,金沙县,24
贵州省,52,毕节地区,24,织金县,25
贵州省,52,毕节地区,24,纳雍县,26
贵州省,52,毕节地区,24,威宁彝族回族苗族自治,27
贵州省,52,毕节地区,24,赫章县,28
贵州省,52,黔东南苗族侗族自治州,26,凯里市,01
贵州省,52,黔东南苗族侗族自治州,26,黄平县,22
贵州省,52,黔东南苗族侗族自治州,26,施秉县,23
贵州省,52,黔东南苗族侗族自治州,26,三穗县,24
贵州省,52,黔东南苗族侗族自治州,26,镇远县,25
贵州省,52,黔东南苗族侗族自治州,26,岑巩县,26
贵州省,52,黔东南苗族侗族自治州,26,天柱县,27
贵州省,52,黔东南苗族侗族自治州,26,锦屏县,28
贵州省,52,黔东南苗族侗族自治州,26,剑河县,29
贵州省,52,黔东南苗族侗族自治州,26,台江县,30
贵州省,52,黔东南苗族侗族自治州,26,黎平县,31
贵州省,52,黔东南苗族侗族自治州,26,榕江县,32
贵州省,52,黔东南苗族侗族自治州,26,从江县,33
贵州省,52,黔东南苗族侗族自治州,26,雷山县,34
贵州省,52,黔东南苗族侗族自治州,26,麻江县,35
贵州省,52,黔东南苗族侗族自治州,26,丹寨县,36
贵州省,52,黔南布依族苗族自治州,27,都匀市,01
贵州省,52,黔南布依族苗族自治州,27,福泉市,02
贵州省,52,黔南布依族苗族自治州,27,荔波县,22
贵州省,52,黔南布依族苗族自治州,27,贵定县,23
贵州省,52,黔南布依族苗族自治州,27,瓮安县,25
贵州省,52,黔南布依族苗族自治州,27,独山县,26
贵州省,52,黔南布依族苗族自治州,27,平塘县,27
贵州省,52,黔南布依族苗族自治州,27,罗甸县,28
贵州省,52,黔南布依族苗族自治州,27,长顺县,29
贵州省,52,黔南布依族苗族自治州,27,龙里县,30
贵州省,52,黔南布依族苗族自治州,27,惠水县,31
贵州省,52,黔南布依族苗族自治州,27,三都水族自治县,32
云南省,53,昆明市,01,市辖区,01
云南省,53,昆明市,01,五华区,02
云南省,53,昆明市,01,盘龙区,03
云南省,53,昆明市,01,官渡区,11
云南省,53,昆明市,01,西山区,12
云南省,53,昆明市,01,东川区,13
云南省,53,昆明市,01,呈贡县,21
云南省,53,昆明市,01,晋宁县,22
云南省,53,昆明市,01,富民县,24
云南省,53,昆明市,01,宜良县,25
云南省,53,昆明市,01,石林彝族自治县,26
云南省,53,昆明市,01,嵩明县,27
云南省,53,昆明市,01,禄劝彝族苗族自治县,28
云南省,53,昆明市,01,寻甸回族彝族自治县,29
云南省,53,昆明市,01,安宁市,81
云南省,53,曲靖市,03,市辖区,01
云南省,53,曲靖市,03,麒麟区,02
云南省,53,曲靖市,03,马龙县,21
云南省,53,曲靖市,03,陆良县,22
云南省,53,曲靖市,03,师宗县,23
云南省,53,曲靖市,03,罗平县,24
云南省,53,曲靖市,03,富源县,25
云南省,53,曲靖市,03,会泽县,26
云南省,53,曲靖市,03,沾益县,28
云南省,53,曲靖市,03,宣威市,81
云南省,53,玉溪市,04,市辖区,01
云南省,53,玉溪市,04,红塔区,02
云南省,53,玉溪市,04,江川县,21
云南省,53,玉溪市,04,澄江县,22
云南省,53,玉溪市,04,通海县,23
云南省,53,玉溪市,04,华宁县,24
云南省,53,玉溪市,04,易门县,25
云南省,53,玉溪市,04,峨山彝族自治县,26
云南省,53,玉溪市,04,新平彝族傣族自治县,27
云南省,53,玉溪市,04,元江哈尼族彝族傣族自,28
云南省,53,保山市,05,市辖区,01
云南省,53,保山市,05,隆阳区,02
云南省,53,保山市,05,施甸县,21
云南省,53,保山市,05,腾冲县,22
云南省,53,保山市,05,龙陵县,23
云南省,53,保山市,05,昌宁县,24
云南省,53,昭通市,06,市辖区,01
云南省,53,昭通市,06,昭阳区,02
云南省,53,昭通市,06,鲁甸县,21
云南省,53,昭通市,06,巧家县,22
云南省,53,昭通市,06,盐津县,23
云南省,53,昭通市,06,大关县,24
云南省,53,昭通市,06,永善县,25
云南省,53,昭通市,06,绥江县,26
云南省,53,昭通市,06,镇雄县,27
云南省,53,昭通市,06,彝良县,28
云南省,53,昭通市,06,威信县,29
云南省,53,昭通市,06,水富县,30
云南省,53,丽江市,07,市辖区,01
云南省,53,丽江市,07,古城区,02
云南省,53,丽江市,07,玉龙纳西族自治县,21
云南省,53,丽江市,07,永胜县,22
云南省,53,丽江市,07,华坪县,23
云南省,53,丽江市,07,宁蒗彝族自治县,24
云南省,53,普洱市,08,市辖区,01
云南省,53,普洱市,08,思茅区,02
云南省,53,普洱市,08,宁洱哈尼族彝族自治县,21
云南省,53,普洱市,08,墨江哈尼族自治县,22
云南省,53,普洱市,08,景东彝族自治县,23
云南省,53,普洱市,08,景谷傣族彝族自治县,24
云南省,53,普洱市,08,镇沅彝族哈尼族拉祜族自治县,25
云南省,53,普洱市,08,江城哈尼族彝族自治县,26
云南省,53,普洱市,08,孟连傣族拉祜族佤族自治县,27
云南省,53,普洱市,08,澜沧拉祜族自治县,28
云南省,53,普洱市,08,西盟佤族自治县,29
云南省,53,临沧市,09,市辖区,01
云南省,53,临沧市,09,临翔区,02
云南省,53,临沧市,09,凤庆县,21
云南省,53,临沧市,09,云县,22
云南省,53,临沧市,09,永德县,23
云南省,53,临沧市,09,镇康县,24
云南省,53,临沧市,09,双江拉祜族佤族布朗族,25
云南省,53,临沧市,09,耿马傣族佤族自治县,26
云南省,53,临沧市,09,沧源佤族自治县,27
云南省,53,楚雄彝族自治州,23,楚雄市,01
云南省,53,楚雄彝族自治州,23,双柏县,22
云南省,53,楚雄彝族自治州,23,牟定县,23
云南省,53,楚雄彝族自治州,23,南华县,24
云南省,53,楚雄彝族自治州,23,姚安县,25
云南省,53,楚雄彝族自治州,23,大姚县,26
云南省,53,楚雄彝族自治州,23,永仁县,27
云南省,53,楚雄彝族自治州,23,元谋县,28
云南省,53,楚雄彝族自治州,23,武定县,29
云南省,53,楚雄彝族自治州,23,禄丰县,31
云南省,53,红河哈尼族彝族自治州,25,个旧市,01
云南省,53,红河哈尼族彝族自治州,25,开远市,02
云南省,53,红河哈尼族彝族自治州,25,蒙自县,22
云南省,53,红河哈尼族彝族自治州,25,屏边苗族自治县,23
云南省,53,红河哈尼族彝族自治州,25,建水县,24
云南省,53,红河哈尼族彝族自治州,25,石屏县,25
云南省,53,红河哈尼族彝族自治州,25,弥勒县,26
云南省,53,红河哈尼族彝族自治州,25,泸西县,27
云南省,53,红河哈尼族彝族自治州,25,元阳县,28
云南省,53,红河哈尼族彝族自治州,25,红河县,29
云南省,53,红河哈尼族彝族自治州,25,金平苗族瑶族傣族自治,30
云南省,53,红河哈尼族彝族自治州,25,绿春县,31
云南省,53,红河哈尼族彝族自治州,25,河口瑶族自治县,32
云南省,53,文山壮族苗族自治州,26,文山县,21
云南省,53,文山壮族苗族自治州,26,砚山县,22
云南省,53,文山壮族苗族自治州,26,西畴县,23
云南省,53,文山壮族苗族自治州,26,麻栗坡县,24
云南省,53,文山壮族苗族自治州,26,马关县,25
云南省,53,文山壮族苗族自治州,26,丘北县,26
云南省,53,文山壮族苗族自治州,26,广南县,27
云南省,53,文山壮族苗族自治州,26,富宁县,28
云南省,53,西双版纳傣族自治州,28,景洪市,01
云南省,53,西双版纳傣族自治州,28,勐海县,22
云南省,53,西双版纳傣族自治州,28,勐腊县,23
云南省,53,大理白族自治州,29,大理市,01
云南省,53,大理白族自治州,29,漾濞彝族自治县,22
云南省,53,大理白族自治州,29,祥云县,23
云南省,53,大理白族自治州,29,宾川县,24
云南省,53,大理白族自治州,29,弥渡县,25
云南省,53,大理白族自治州,29,南涧彝族自治县,26
云南省,53,大理白族自治州,29,巍山彝族回族自治县,27
云南省,53,大理白族自治州,29,永平县,28
云南省,53,大理白族自治州,29,云龙县,29
云南省,53,大理白族自治州,29,洱源县,30
云南省,53,大理白族自治州,29,剑川县,31
云南省,53,大理白族自治州,29,鹤庆县,32
云南省,53,德宏傣族景颇族自治州,31,瑞丽市,02
云南省,53,德宏傣族景颇族自治州,31,潞西市,03
云南省,53,德宏傣族景颇族自治州,31,梁河县,22
云南省,53,德宏傣族景颇族自治州,31,盈江县,23
云南省,53,德宏傣族景颇族自治州,31,陇川县,24
云南省,53,迪庆藏族自治州,33,泸水县,21
云南省,53,迪庆藏族自治州,33,福贡县,23
云南省,53,迪庆藏族自治州,33,贡山独龙族怒族自治县,24
云南省,53,迪庆藏族自治州,33,兰坪白族普米族自治县,25
云南省,53,迪庆藏族自治州,34,香格里拉县,21
云南省,53,迪庆藏族自治州,34,德钦县,22
云南省,53,迪庆藏族自治州,34,维西傈僳族自治县,23
西藏自治区,54,拉萨市,01,市辖区,01
西藏自治区,54,拉萨市,01,城关区,02
西藏自治区,54,拉萨市,01,林周县,21
西藏自治区,54,拉萨市,01,当雄县,22
西藏自治区,54,拉萨市,01,尼木县,23
西藏自治区,54,拉萨市,01,曲水县,24
西藏自治区,54,拉萨市,01,堆龙德庆县,25
西藏自治区,54,拉萨市,01,达孜县,26
西藏自治区,54,拉萨市,01,墨竹工卡县,27
西藏自治区,54,昌都地区,21,昌都县,21
西藏自治区,54,昌都地区,21,江达县,22
西藏自治区,54,昌都地区,21,贡觉县,23
西藏自治区,54,昌都地区,21,类乌齐县,24
西藏自治区,54,昌都地区,21,丁青县,25
西藏自治区,54,昌都地区,21,察雅县,26
西藏自治区,54,昌都地区,21,八宿县,27
西藏自治区,54,昌都地区,21,左贡县,28
西藏自治区,54,昌都地区,21,芒康县,29
西藏自治区,54,昌都地区,21,洛隆县,32
西藏自治区,54,昌都地区,21,边坝县,33
西藏自治区,54,山南地区,22,乃东县,21
西藏自治区,54,山南地区,22,扎囊县,22
西藏自治区,54,山南地区,22,贡嘎县,23
西藏自治区,54,山南地区,22,桑日县,24
西藏自治区,54,山南地区,22,琼结县,25
西藏自治区,54,山南地区,22,曲松县,26
西藏自治区,54,山南地区,22,措美县,27
西藏自治区,54,山南地区,22,洛扎县,28
西藏自治区,54,山南地区,22,加查县,29
西藏自治区,54,山南地区,22,隆子县,31
西藏自治区,54,山南地区,22,错那县,32
西藏自治区,54,山南地区,22,浪卡子县,33
西藏自治区,54,日喀则地区,23,日喀则市,01
西藏自治区,54,日喀则地区,23,南木林县,22
西藏自治区,54,日喀则地区,23,江孜县,23
西藏自治区,54,日喀则地区,23,定日县,24
西藏自治区,54,日喀则地区,23,萨迦县,25
西藏自治区,54,日喀则地区,23,拉孜县,26
西藏自治区,54,日喀则地区,23,昂仁县,27
西藏自治区,54,日喀则地区,23,谢通门县,28
西藏自治区,54,日喀则地区,23,白朗县,29
西藏自治区,54,日喀则地区,23,仁布县,30
西藏自治区,54,日喀则地区,23,康马县,31
西藏自治区,54,日喀则地区,23,定结县,32
西藏自治区,54,日喀则地区,23,仲巴县,33
西藏自治区,54,日喀则地区,23,亚东县,34
西藏自治区,54,日喀则地区,23,吉隆县,35
西藏自治区,54,日喀则地区,23,聂拉木县,36
西藏自治区,54,日喀则地区,23,萨嘎县,37
西藏自治区,54,日喀则地区,23,岗巴县,38
西藏自治区,54,那曲地区,24,那曲县,21
西藏自治区,54,那曲地区,24,嘉黎县,22
西藏自治区,54,那曲地区,24,比如县,23
西藏自治区,54,那曲地区,24,聂荣县,24
西藏自治区,54,那曲地区,24,安多县,25
西藏自治区,54,那曲地区,24,申扎县,26
西藏自治区,54,那曲地区,24,索县,27
西藏自治区,54,那曲地区,24,班戈县,28
西藏自治区,54,那曲地区,24,巴青县,29
西藏自治区,54,那曲地区,24,尼玛县,30
西藏自治区,54,阿里地区,25,普兰县,21
西藏自治区,54,阿里地区,25,札达县,22
西藏自治区,54,阿里地区,25,噶尔县,23
西藏自治区,54,阿里地区,25,日土县,24
西藏自治区,54,阿里地区,25,革吉县,25
西藏自治区,54,阿里地区,25,改则县,26
西藏自治区,54,阿里地区,25,措勤县,27
西藏自治区,54,林芝地区,26,林芝县,21
西藏自治区,54,林芝地区,26,工布江达县,22
西藏自治区,54,林芝地区,26,米林县,23
西藏自治区,54,林芝地区,26,墨脱县,24
西藏自治区,54,林芝地区,26,波密县,25
西藏自治区,54,林芝地区,26,察隅县,26
西藏自治区,54,林芝地区,26,朗县,27
陕西省,61,西安市,01,市辖区,01
陕西省,61,西安市,01,新城区,02
陕西省,61,西安市,01,碑林区,03
陕西省,61,西安市,01,莲湖区,04
陕西省,61,西安市,01,灞桥区,11
陕西省,61,西安市,01,未央区,12
陕西省,61,西安市,01,雁塔区,13
陕西省,61,西安市,01,阎良区,14
陕西省,61,西安市,01,临潼区,15
陕西省,61,西安市,01,长安区,16
陕西省,61,西安市,01,蓝田县,22
陕西省,61,西安市,01,周至县,24
陕西省,61,西安市,01,户县,25
陕西省,61,西安市,01,高陵县,26
陕西省,61,铜川市,02,市辖区,01
陕西省,61,铜川市,02,王益区,02
陕西省,61,铜川市,02,印台区,03
陕西省,61,铜川市,02,耀州区,04
陕西省,61,铜川市,02,宜君县,22
陕西省,61,宝鸡市,03,市辖区,01
陕西省,61,宝鸡市,03,渭滨区,02
陕西省,61,宝鸡市,03,金台区,03
陕西省,61,宝鸡市,03,陈仓区,04
陕西省,61,宝鸡市,03,凤翔县,22
陕西省,61,宝鸡市,03,岐山县,23
陕西省,61,宝鸡市,03,扶风县,24
陕西省,61,宝鸡市,03,眉县,26
陕西省,61,宝鸡市,03,陇县,27
陕西省,61,宝鸡市,03,千阳县,28
陕西省,61,宝鸡市,03,麟游县,29
陕西省,61,宝鸡市,03,凤县,30
陕西省,61,宝鸡市,03,太白县,31
陕西省,61,咸阳市,04,市辖区,01
陕西省,61,咸阳市,04,秦都区,02
陕西省,61,咸阳市,04,杨凌区,03
陕西省,61,咸阳市,04,渭城区,04
陕西省,61,咸阳市,04,三原县,22
陕西省,61,咸阳市,04,泾阳县,23
陕西省,61,咸阳市,04,乾县,24
陕西省,61,咸阳市,04,礼泉县,25
陕西省,61,咸阳市,04,永寿县,26
陕西省,61,咸阳市,04,彬县,27
陕西省,61,咸阳市,04,长武县,28
陕西省,61,咸阳市,04,旬邑县,29
陕西省,61,咸阳市,04,淳化县,30
陕西省,61,咸阳市,04,武功县,31
陕西省,61,咸阳市,04,兴平市,81
陕西省,61,渭南市,05,市辖区,01
陕西省,61,渭南市,05,临渭区,02
陕西省,61,渭南市,05,华县,21
陕西省,61,渭南市,05,潼关县,22
陕西省,61,渭南市,05,大荔县,23
陕西省,61,渭南市,05,合阳县,24
陕西省,61,渭南市,05,澄城县,25
陕西省,61,渭南市,05,蒲城县,26
陕西省,61,渭南市,05,白水县,27
陕西省,61,渭南市,05,富平县,28
陕西省,61,渭南市,05,韩城市,81
陕西省,61,渭南市,05,华阴市,82
陕西省,61,延安市,06,市辖区,01
陕西省,61,延安市,06,宝塔区,02
陕西省,61,延安市,06,延长县,21
陕西省,61,延安市,06,延川县,22
陕西省,61,延安市,06,子长县,23
陕西省,61,延安市,06,安塞县,24
陕西省,61,延安市,06,志丹县,25
陕西省,61,延安市,06,吴旗县,26
陕西省,61,延安市,06,甘泉县,27
陕西省,61,延安市,06,富县,28
陕西省,61,延安市,06,洛川县,29
陕西省,61,延安市,06,宜川县,30
陕西省,61,延安市,06,黄龙县,31
陕西省,61,延安市,06,黄陵县,32
陕西省,61,汉中市,07,市辖区,01
陕西省,61,汉中市,07,汉台区,02
陕西省,61,汉中市,07,南郑县,21
陕西省,61,汉中市,07,城固县,22
陕西省,61,汉中市,07,洋县,23
陕西省,61,汉中市,07,西乡县,24
陕西省,61,汉中市,07,勉县,25
陕西省,61,汉中市,07,宁强县,26
陕西省,61,汉中市,07,略阳县,27
陕西省,61,汉中市,07,镇巴县,28
陕西省,61,汉中市,07,留坝县,29
陕西省,61,汉中市,07,佛坪县,30
陕西省,61,榆林市,08,市辖区,01
陕西省,61,榆林市,08,榆阳区,02
陕西省,61,榆林市,08,神木县,21
陕西省,61,榆林市,08,府谷县,22
陕西省,61,榆林市,08,横山县,23
陕西省,61,榆林市,08,靖边县,24
陕西省,61,榆林市,08,定边县,25
陕西省,61,榆林市,08,绥德县,26
陕西省,61,榆林市,08,米脂县,27
陕西省,61,榆林市,08,佳县,28
陕西省,61,榆林市,08,吴堡县,29
陕西省,61,榆林市,08,清涧县,30
陕西省,61,榆林市,08,子洲县,31
陕西省,61,安康市,09,市辖区,01
陕西省,61,安康市,09,汉滨区,02
陕西省,61,安康市,09,汉阴县,21
陕西省,61,安康市,09,石泉县,22
陕西省,61,安康市,09,宁陕县,23
陕西省,61,安康市,09,紫阳县,24
陕西省,61,安康市,09,岚皋县,25
陕西省,61,安康市,09,平利县,26
陕西省,61,安康市,09,镇坪县,27
陕西省,61,安康市,09,旬阳县,28
陕西省,61,安康市,09,白河县,29
陕西省,61,商洛市,10,市辖区,01
陕西省,61,商洛市,10,商州区,02
陕西省,61,商洛市,10,洛南县,21
陕西省,61,商洛市,10,丹凤县,22
陕西省,61,商洛市,10,商南县,23
陕西省,61,商洛市,10,山阳县,24
陕西省,61,商洛市,10,镇安县,25
陕西省,61,商洛市,10,柞水县,26
甘肃省,62,兰州市,01,市辖区,01
甘肃省,62,兰州市,01,城关区,02
甘肃省,62,兰州市,01,七里河区,03
甘肃省,62,兰州市,01,西固区,04
甘肃省,62,兰州市,01,安宁区,05
甘肃省,62,兰州市,01,红古区,11
甘肃省,62,兰州市,01,永登县,21
甘肃省,62,兰州市,01,皋兰县,22
甘肃省,62,兰州市,01,榆中县,23
甘肃省,62,嘉峪关市,02,市辖区,01
甘肃省,62,金昌市,03,市辖区,01
甘肃省,62,金昌市,03,金川区,02
甘肃省,62,金昌市,03,永昌县,21
甘肃省,62,白银市,04,市辖区,01
甘肃省,62,白银市,04,白银区,02
甘肃省,62,白银市,04,平川区,03
甘肃省,62,白银市,04,靖远县,21
甘肃省,62,白银市,04,会宁县,22
甘肃省,62,白银市,04,景泰县,23
甘肃省,62,天水市,05,市辖区,01
甘肃省,62,天水市,05,秦城区,02
甘肃省,62,天水市,05,北道区,03
甘肃省,62,天水市,05,清水县,21
甘肃省,62,天水市,05,秦安县,22
甘肃省,62,天水市,05,甘谷县,23
甘肃省,62,天水市,05,武山县,24
甘肃省,62,天水市,05,张家川回族自治县,25
甘肃省,62,武威市,06,市辖区,01
甘肃省,62,武威市,06,凉州区,02
甘肃省,62,武威市,06,民勤县,21
甘肃省,62,武威市,06,古浪县,22
甘肃省,62,武威市,06,天祝藏族自治县,23
甘肃省,62,张掖市,07,市辖区,01
甘肃省,62,张掖市,07,甘州区,02
甘肃省,62,张掖市,07,肃南裕固族自治县,21
甘肃省,62,张掖市,07,民乐县,22
甘肃省,62,张掖市,07,临泽县,23
甘肃省,62,张掖市,07,高台县,24
甘肃省,62,张掖市,07,山丹县,25
甘肃省,62,平凉市,08,市辖区,01
甘肃省,62,平凉市,08,崆峒区,02
甘肃省,62,平凉市,08,泾川县,21
甘肃省,62,平凉市,08,灵台县,22
甘肃省,62,平凉市,08,崇信县,23
甘肃省,62,平凉市,08,华亭县,24
甘肃省,62,平凉市,08,庄浪县,25
甘肃省,62,平凉市,08,静宁县,26
甘肃省,62,酒泉市,09,市辖区,01
甘肃省,62,酒泉市,09,肃州区,02
甘肃省,62,酒泉市,09,金塔县,21
甘肃省,62,酒泉市,09,瓜州县,22
甘肃省,62,酒泉市,09,肃北蒙古族自治县,23
甘肃省,62,酒泉市,09,阿克塞哈萨克族自治县,24
甘肃省,62,酒泉市,09,玉门市,81
甘肃省,62,酒泉市,09,敦煌市,82
甘肃省,62,庆阳市,10,市辖区,01
甘肃省,62,庆阳市,10,西峰区,02
甘肃省,62,庆阳市,10,庆城县,21
甘肃省,62,庆阳市,10,环县,22
甘肃省,62,庆阳市,10,华池县,23
甘肃省,62,庆阳市,10,合水县,24
甘肃省,62,庆阳市,10,正宁县,25
甘肃省,62,庆阳市,10,宁县,26
甘肃省,62,庆阳市,10,镇原县,27
甘肃省,62,定西市,11,市辖区,01
甘肃省,62,定西市,11,安定区,02
甘肃省,62,定西市,11,通渭县,21
甘肃省,62,定西市,11,陇西县,22
甘肃省,62,定西市,11,渭源县,23
甘肃省,62,定西市,11,临洮县,24
甘肃省,62,定西市,11,漳县,25
甘肃省,62,定西市,11,岷县,26
甘肃省,62,陇南市,12,市辖区,01
甘肃省,62,陇南市,12,武都区,02
甘肃省,62,陇南市,12,成县,21
甘肃省,62,陇南市,12,文县,22
甘肃省,62,陇南市,12,宕昌县,23
甘肃省,62,陇南市,12,康县,24
甘肃省,62,陇南市,12,西和县,25
甘肃省,62,陇南市,12,礼县,26
甘肃省,62,陇南市,12,徽县,27
甘肃省,62,陇南市,12,两当县,28
甘肃省,62,临夏回族自治州,29,临夏市,01
甘肃省,62,临夏回族自治州,29,临夏县,21
甘肃省,62,临夏回族自治州,29,康乐县,22
甘肃省,62,临夏回族自治州,29,永靖县,23
甘肃省,62,临夏回族自治州,29,广河县,24
甘肃省,62,临夏回族自治州,29,和政县,25
甘肃省,62,临夏回族自治州,29,东乡族自治县,26
甘肃省,62,临夏回族自治州,29,积石山保安族东乡族撒,27
甘肃省,62,甘南藏族自治州,30,合作市,01
甘肃省,62,甘南藏族自治州,30,临潭县,21
甘肃省,62,甘南藏族自治州,30,卓尼县,22
甘肃省,62,甘南藏族自治州,30,舟曲县,23
甘肃省,62,甘南藏族自治州,30,迭部县,24
甘肃省,62,甘南藏族自治州,30,玛曲县,25
甘肃省,62,甘南藏族自治州,30,碌曲县,26
甘肃省,62,甘南藏族自治州,30,夏河县,27
青海省,63,西宁市,01,市辖区,01
青海省,63,西宁市,01,城东区,02
青海省,63,西宁市,01,城中区,03
青海省,63,西宁市,01,城西区,04
青海省,63,西宁市,01,城北区,05
青海省,63,西宁市,01,大通回族土族自治县,21
青海省,63,西宁市,01,湟中县,22
青海省,63,西宁市,01,湟源县,23
青海省,63,海东地区,21,平安县,21
青海省,63,海东地区,21,民和回族土族自治县,22
青海省,63,海东地区,21,乐都县,23
青海省,63,海东地区,21,互助土族自治县,26
青海省,63,海东地区,21,化隆回族自治县,27
青海省,63,海东地区,21,循化撒拉族自治县,28
青海省,63,海北藏族自治州,22,门源回族自治县,21
青海省,63,海北藏族自治州,22,祁连县,22
青海省,63,海北藏族自治州,22,海晏县,23
青海省,63,海北藏族自治州,22,刚察县,24
青海省,63,黄南藏族自治州,23,同仁县,21
青海省,63,黄南藏族自治州,23,尖扎县,22
青海省,63,黄南藏族自治州,23,泽库县,23
青海省,63,黄南藏族自治州,23,河南蒙古族自治县,24
青海省,63,海南藏族自治州,25,共和县,21
青海省,63,海南藏族自治州,25,同德县,22
青海省,63,海南藏族自治州,25,贵德县,23
青海省,63,海南藏族自治州,25,兴海县,24
青海省,63,海南藏族自治州,25,贵南县,25
青海省,63,果洛藏族自治州,26,玛沁县,21
青海省,63,果洛藏族自治州,26,班玛县,22
青海省,63,果洛藏族自治州,26,甘德县,23
青海省,63,果洛藏族自治州,26,达日县,24
青海省,63,果洛藏族自治州,26,久治县,25
青海省,63,果洛藏族自治州,26,玛多县,26
青海省,63,玉树藏族自治州,27,玉树县,21
青海省,63,玉树藏族自治州,27,杂多县,22
青海省,63,玉树藏族自治州,27,称多县,23
青海省,63,玉树藏族自治州,27,治多县,24
青海省,63,玉树藏族自治州,27,囊谦县,25
青海省,63,玉树藏族自治州,27,曲麻莱县,26
青海省,63,海西蒙古族藏族自治州,28,格尔木市,01
青海省,63,海西蒙古族藏族自治州,28,德令哈市,02
青海省,63,海西蒙古族藏族自治州,28,乌兰县,21
青海省,63,海西蒙古族藏族自治州,28,都兰县,22
青海省,63,海西蒙古族藏族自治州,28,天峻县,23
宁夏回族自治区,64,银川市,01,市辖区,01
宁夏回族自治区,64,银川市,01,兴庆区,04
宁夏回族自治区,64,银川市,01,西夏区,05
宁夏回族自治区,64,银川市,01,金凤区,06
宁夏回族自治区,64,银川市,01,永宁县,21
宁夏回族自治区,64,银川市,01,贺兰县,22
宁夏回族自治区,64,银川市,01,灵武市,81
宁夏回族自治区,64,石嘴山市,02,市辖区,01
宁夏回族自治区,64,石嘴山市,02,大武口区,02
宁夏回族自治区,64,石嘴山市,02,惠农区,05
宁夏回族自治区,64,石嘴山市,02,平罗县,21
宁夏回族自治区,64,吴忠市,03,市辖区,01
宁夏回族自治区,64,吴忠市,03,利通区,02
宁夏回族自治区,64,吴忠市,03,盐池县,23
宁夏回族自治区,64,吴忠市,03,同心县,24
宁夏回族自治区,64,吴忠市,03,青铜峡市,81
宁夏回族自治区,64,固原市,04,市辖区,01
宁夏回族自治区,64,固原市,04,原州区,02
宁夏回族自治区,64,固原市,04,西吉县,22
宁夏回族自治区,64,固原市,04,隆德县,23
宁夏回族自治区,64,固原市,04,泾源县,24
宁夏回族自治区,64,固原市,04,彭阳县,25
宁夏回族自治区,64,中卫市,05,市辖区,01
宁夏回族自治区,64,中卫市,05,沙坡头区,02
宁夏回族自治区,64,中卫市,05,中宁县,21
宁夏回族自治区,64,中卫市,05,海原县,22
新疆维吾尔自治区,65,乌鲁木齐市,01,市辖区,01
新疆维吾尔自治区,65,乌鲁木齐市,01,天山区,02
新疆维吾尔自治区,65,乌鲁木齐市,01,沙依巴克区,03
新疆维吾尔自治区,65,乌鲁木齐市,01,新市区,04
新疆维吾尔自治区,65,乌鲁木齐市,01,水磨沟区,05
新疆维吾尔自治区,65,乌鲁木齐市,01,头屯河区,06
新疆维吾尔自治区,65,乌鲁木齐市,01,达坂城区,07
新疆维吾尔自治区,65,乌鲁木齐市,01,东山区,08
新疆维吾尔自治区,65,乌鲁木齐市,01,乌鲁木齐县,21
新疆维吾尔自治区,65,克拉玛依市,02,市辖区,01
新疆维吾尔自治区,65,克拉玛依市,02,独山子区,02
新疆维吾尔自治区,65,克拉玛依市,02,克拉玛依区,03
新疆维吾尔自治区,65,克拉玛依市,02,白碱滩区,04
新疆维吾尔自治区,65,克拉玛依市,02,乌尔禾区,05
新疆维吾尔自治区,65,吐鲁番地区,21,吐鲁番市,01
新疆维吾尔自治区,65,吐鲁番地区,21,鄯善县,22
新疆维吾尔自治区,65,吐鲁番地区,21,托克逊县,23
新疆维吾尔自治区,65,哈密地区,22,哈密市,01
新疆维吾尔自治区,65,哈密地区,22,巴里坤哈萨克自治县,22
新疆维吾尔自治区,65,哈密地区,22,伊吾县,23
新疆维吾尔自治区,65,昌吉回族自治州,23,昌吉市,01
新疆维吾尔自治区,65,昌吉回族自治州,23,阜康市,02
新疆维吾尔自治区,65,昌吉回族自治州,23,米泉市,03
新疆维吾尔自治区,65,昌吉回族自治州,23,呼图壁县,23
新疆维吾尔自治区,65,昌吉回族自治州,23,玛纳斯县,24
新疆维吾尔自治区,65,昌吉回族自治州,23,奇台县,25
新疆维吾尔自治区,65,昌吉回族自治州,23,吉木萨尔县,27
新疆维吾尔自治区,65,昌吉回族自治州,23,木垒哈萨克自治县,28
新疆维吾尔自治区,65,博尔塔拉蒙古自治州,27,博乐市,01
新疆维吾尔自治区,65,博尔塔拉蒙古自治州,27,精河县,22
新疆维吾尔自治区,65,博尔塔拉蒙古自治州,27,温泉县,23
新疆维吾尔自治区,65,巴音郭楞蒙古自治州,28,库尔勒市,01
新疆维吾尔自治区,65,巴音郭楞蒙古自治州,28,轮台县,22
新疆维吾尔自治区,65,巴音郭楞蒙古自治州,28,尉犁县,23
新疆维吾尔自治区,65,巴音郭楞蒙古自治州,28,若羌县,24
新疆维吾尔自治区,65,巴音郭楞蒙古自治州,28,且末县,25
新疆维吾尔自治区,65,巴音郭楞蒙古自治州,28,焉耆回族自治县,26
新疆维吾尔自治区,65,巴音郭楞蒙古自治州,28,和静县,27
新疆维吾尔自治区,65,巴音郭楞蒙古自治州,28,和硕县,28
新疆维吾尔自治区,65,巴音郭楞蒙古自治州,28,博湖县,29
新疆维吾尔自治区,65,阿克苏地区,29,阿克苏市,01
新疆维吾尔自治区,65,阿克苏地区,29,温宿县,22
新疆维吾尔自治区,65,阿克苏地区,29,库车县,23
新疆维吾尔自治区,65,阿克苏地区,29,沙雅县,24
新疆维吾尔自治区,65,阿克苏地区,29,新和县,25
新疆维吾尔自治区,65,阿克苏地区,29,拜城县,26
新疆维吾尔自治区,65,阿克苏地区,29,乌什县,27
新疆维吾尔自治区,65,阿克苏地区,29,阿瓦提县,28
新疆维吾尔自治区,65,阿克苏地区,29,柯坪县,29
新疆维吾尔自治区,65,克孜勒苏柯尔克孜自治,30,阿图什市,01
新疆维吾尔自治区,65,克孜勒苏柯尔克孜自治,30,阿克陶县,22
新疆维吾尔自治区,65,克孜勒苏柯尔克孜自治,30,阿合奇县,23
新疆维吾尔自治区,65,克孜勒苏柯尔克孜自治,30,乌恰县,24
新疆维吾尔自治区,65,喀什地区,31,喀什市,01
新疆维吾尔自治区,65,喀什地区,31,疏附县,21
新疆维吾尔自治区,65,喀什地区,31,疏勒县,22
新疆维吾尔自治区,65,喀什地区,31,英吉沙县,23
新疆维吾尔自治区,65,喀什地区,31,泽普县,24
新疆维吾尔自治区,65,喀什地区,31,莎车县,25
新疆维吾尔自治区,65,喀什地区,31,叶城县,26
新疆维吾尔自治区,65,喀什地区,31,麦盖提县,27
新疆维吾尔自治区,65,喀什地区,31,岳普湖县,28
新疆维吾尔自治区,65,喀什地区,31,伽师县,29
新疆维吾尔自治区,65,喀什地区,31,巴楚县,30
新疆维吾尔自治区,65,喀什地区,31,塔什库尔干塔吉克自治,31
新疆维吾尔自治区,65,和田地区,32,和田市,01
新疆维吾尔自治区,65,和田地区,32,和田县,21
新疆维吾尔自治区,65,和田地区,32,墨玉县,22
新疆维吾尔自治区,65,和田地区,32,皮山县,23
新疆维吾尔自治区,65,和田地区,32,洛浦县,24
新疆维吾尔自治区,65,和田地区,32,策勒县,25
新疆维吾尔自治区,65,和田地区,32,于田县,26
新疆维吾尔自治区,65,和田地区,32,民丰县,27
新疆维吾尔自治区,65,伊犁哈萨克自治州,40,伊宁市,02
新疆维吾尔自治区,65,伊犁哈萨克自治州,40,奎屯市,03
新疆维吾尔自治区,65,伊犁哈萨克自治州,40,伊宁县,21
新疆维吾尔自治区,65,伊犁哈萨克自治州,40,察布查尔锡伯自治县,22
新疆维吾尔自治区,65,伊犁哈萨克自治州,40,霍城县,23
新疆维吾尔自治区,65,伊犁哈萨克自治州,40,巩留县,24
新疆维吾尔自治区,65,伊犁哈萨克自治州,40,新源县,25
新疆维吾尔自治区,65,伊犁哈萨克自治州,40,昭苏县,26
新疆维吾尔自治区,65,伊犁哈萨克自治州,40,特克斯县,27
新疆维吾尔自治区,65,伊犁哈萨克自治州,40,尼勒克县,28
新疆维吾尔自治区,65,塔城地区,42,塔城市,01
新疆维吾尔自治区,65,塔城地区,42,乌苏市,02
新疆维吾尔自治区,65,塔城地区,42,额敏县,21
新疆维吾尔自治区,65,塔城地区,42,沙湾县,23
新疆维吾尔自治区,65,塔城地区,42,托里县,24
新疆维吾尔自治区,65,塔城地区,42,裕民县,25
新疆维吾尔自治区,65,塔城地区,42,和布克赛尔蒙古自治县,26
新疆维吾尔自治区,65,阿勒泰地区,43,阿勒泰市,01
新疆维吾尔自治区,65,阿勒泰地区,43,布尔津县,21
新疆维吾尔自治区,65,阿勒泰地区,43,富蕴县,22
新疆维吾尔自治区,65,阿勒泰地区,43,福海县,23
新疆维吾尔自治区,65,阿勒泰地区,43,哈巴河县,24
新疆维吾尔自治区,65,阿勒泰地区,43,青河县,25
新疆维吾尔自治区,65,阿勒泰地区,43,吉木乃县,26
新疆维吾尔自治区,65,省直辖行政单位,90,石河子市,01
新疆维吾尔自治区,65,省直辖行政单位,90,阿拉尔市,02
新疆维吾尔自治区,65,省直辖行政单位,90,图木舒克市,03
新疆维吾尔自治区,65,省直辖行政单位,90,五家渠市,04
